-- phpMyAdmin SQL Dump
-- version 4.9.2
-- https://www.phpmyadmin.net/
--
-- Host: 127.0.0.1
-- Waktu pembuatan: 30 Mar 2020 pada 09.14
-- Versi server: 10.4.11-MariaDB
-- Versi PHP: 7.4.1

SET SQL_MODE = "NO_AUTO_VALUE_ON_ZERO";
SET AUTOCOMMIT = 0;
START TRANSACTION;
SET time_zone = "+00:00";


/*!40101 SET @OLD_CHARACTER_SET_CLIENT=@@CHARACTER_SET_CLIENT */;
/*!40101 SET @OLD_CHARACTER_SET_RESULTS=@@CHARACTER_SET_RESULTS */;
/*!40101 SET @OLD_COLLATION_CONNECTION=@@COLLATION_CONNECTION */;
/*!40101 SET NAMES utf8mb4 */;

--
-- Database: `sayur`
--

-- --------------------------------------------------------

--
-- Struktur dari tabel `ci_sessions`
--

CREATE TABLE `ci_sessions` (
  `id` varchar(128) NOT NULL,
  `ip_address` varchar(45) NOT NULL,
  `timestamp` int(10) UNSIGNED NOT NULL DEFAULT 0,
  `data` blob NOT NULL
) ENGINE=InnoDB DEFAULT CHARSET=utf8mb4;

--
-- Dumping data untuk tabel `ci_sessions`
--

INSERT INTO `ci_sessions` (`id`, `ip_address`, `timestamp`, `data`) VALUES
('b7cs1r523vrps4qs98h1s3m2mvfrt14a', '::1', 1585388083, 0x5f5f63695f6c6173745f726567656e65726174657c693a313538353338383038333b636172745f636f6e74656e74737c613a333a7b733a31303a22636172745f746f74616c223b643a3234383030303b733a31313a22746f74616c5f6974656d73223b643a383b733a33323a226338316537323864396434633266363336663036376638396363313438363263223b613a363a7b733a323a226964223b733a313a2232223b733a333a22717479223b643a383b733a353a227072696365223b643a33313030303b733a343a226e616d65223b733a373a2242726f6b6f6c69223b733a353a22726f776964223b733a33323a226338316537323864396434633266363336663036376638396363313438363263223b733a383a22737562746f74616c223b643a3234383030303b7d7d5f5f4143544956455f53455353494f4e5f444154417c733a3235363a223339393066393738343134316233373232633430643364366430306162323331616265393833616165343732343132646361346366316361353234323438306330353632393366393932636339656639643630383233393739373237636339663330336533343430343232326432633539663261626661326563386561353634776b37697934303179776751554f4a33486a7056506b424936793478664777446b61336b76452b6969304b72316f7839474446617a7977315165612b4a7a6b736f76515a4962546d766c4c526a39505557713838372f5970536e5841736642627263787a3059653441647456646173734c2f4467454f4a2f777168656e676459223b),
('89rau3creb4ljgloguk2ajveurv80l5h', '::1', 1585387506, 0x5f5f63695f6c6173745f726567656e65726174657c693a313538353338373530363b7265646972656374696f6e7c4e3b5f5f4143544956455f53455353494f4e5f444154417c733a3235363a2239336634363765303135616236613732386264666336653130303561643636386231316234323636356337356534383836343464623438316630386238613931333533363132356634626366653235383737653637633961663264336662663538363032373362663330633732313264663162633331323364643330313666364a2b43537435354e6d4269373171617038747355514f346f7a4661766e677a53366b443259505457336533774749416b4f693753385a7a444f576b52687536484c4d7275486761316c306e3266764151782b476c593755364c534a70635a646577514a5034306e50786f536c654b4d43697932796b654d6b6c6446474b443177223b),
('qj51tuudntl03rqsp1j1nt7qkefs65bp', '::1', 1585387810, 0x5f5f63695f6c6173745f726567656e65726174657c693a313538353338373831303b7265646972656374696f6e7c4e3b5f5f4143544956455f53455353494f4e5f444154417c733a3235363a2239336634363765303135616236613732386264666336653130303561643636386231316234323636356337356534383836343464623438316630386238613931333533363132356634626366653235383737653637633961663264336662663538363032373362663330633732313264663162633331323364643330313666364a2b43537435354e6d4269373171617038747355514f346f7a4661766e677a53366b443259505457336533774749416b4f693753385a7a444f576b52687536484c4d7275486761316c306e3266764151782b476c593755364c534a70635a646577514a5034306e50786f536c654b4d43697932796b654d6b6c6446474b443177223b),
('mu0ojbnlr6t708aaqign57lcct7fb7it', '::1', 1585388174, 0x5f5f63695f6c6173745f726567656e65726174657c693a313538353338383137343b7265646972656374696f6e7c4e3b5f5f4143544956455f53455353494f4e5f444154417c733a3235363a2239336634363765303135616236613732386264666336653130303561643636386231316234323636356337356534383836343464623438316630386238613931333533363132356634626366653235383737653637633961663264336662663538363032373362663330633732313264663162633331323364643330313666364a2b43537435354e6d4269373171617038747355514f346f7a4661766e677a53366b443259505457336533774749416b4f693753385a7a444f576b52687536484c4d7275486761316c306e3266764151782b476c593755364c534a70635a646577514a5034306e50786f536c654b4d43697932796b654d6b6c6446474b443177223b),
('lshcrba3ad6et6sqb3raisjfj1g8r2jk', '::1', 1585388420, 0x5f5f63695f6c6173745f726567656e65726174657c693a313538353338383432303b636172745f636f6e74656e74737c613a343a7b733a31303a22636172745f746f74616c223b643a3330333030303b733a31313a22746f74616c5f6974656d73223b643a31313b733a33323a226338316537323864396434633266363336663036376638396363313438363263223b613a363a7b733a323a226964223b733a313a2232223b733a333a22717479223b643a393b733a353a227072696365223b643a33313030303b733a343a226e616d65223b733a373a2242726f6b6f6c69223b733a353a22726f776964223b733a33323a226338316537323864396434633266363336663036376638396363313438363263223b733a383a22737562746f74616c223b643a3237393030303b7d733a33323a226534646133623766626263653233343564373737326230363734613331386435223b613a363a7b733a323a226964223b733a313a2235223b733a333a22717479223b643a323b733a353a227072696365223b643a31323030303b733a343a226e616d65223b733a363a22576f7274656c223b733a353a22726f776964223b733a33323a226534646133623766626263653233343564373737326230363734613331386435223b733a383a22737562746f74616c223b643a32343030303b7d7d7265646972656374696f6e7c733a36343a226148523063446f764c327876593246736147397a6443397a59586c3163693970626d526c6543357761484176633268766343396a6147566a6132393164413d3d223b),
('mrlhtq2fhh56831etal6ie8s3icfg4nj', '::1', 1585388871, 0x5f5f63695f6c6173745f726567656e65726174657c693a313538353338383837313b7265646972656374696f6e7c4e3b5f5f4143544956455f53455353494f4e5f444154417c733a3235363a2239336634363765303135616236613732386264666336653130303561643636386231316234323636356337356534383836343464623438316630386238613931333533363132356634626366653235383737653637633961663264336662663538363032373362663330633732313264663162633331323364643330313666364a2b43537435354e6d4269373171617038747355514f346f7a4661766e677a53366b443259505457336533774749416b4f693753385a7a444f576b52687536484c4d7275486761316c306e3266764151782b476c593755364c534a70635a646577514a5034306e50786f536c654b4d43697932796b654d6b6c6446474b443177223b),
('cp97fp18b8fcfmauiqqlvt1e1j0di1ks', '::1', 1585392953, 0x5f5f63695f6c6173745f726567656e65726174657c693a313538353339323935333b7265646972656374696f6e7c733a36343a226148523063446f764c327876593246736147397a6443397a59586c3163693970626d526c6543357761484176633268766343396a6147566a6132393164413d3d223b),
('pf383u2spimp3qer733kqos7j47tpqsc', '::1', 1585389316, 0x5f5f63695f6c6173745f726567656e65726174657c693a313538353338393331363b7265646972656374696f6e7c4e3b5f5f4143544956455f53455353494f4e5f444154417c733a3235363a2239336634363765303135616236613732386264666336653130303561643636386231316234323636356337356534383836343464623438316630386238613931333533363132356634626366653235383737653637633961663264336662663538363032373362663330633732313264663162633331323364643330313666364a2b43537435354e6d4269373171617038747355514f346f7a4661766e677a53366b443259505457336533774749416b4f693753385a7a444f576b52687536484c4d7275486761316c306e3266764151782b476c593755364c534a70635a646577514a5034306e50786f536c654b4d43697932796b654d6b6c6446474b443177223b),
('cv7otlevh0rohcc9ffe7nra3hbkbm14a', '::1', 1585389984, 0x5f5f63695f6c6173745f726567656e65726174657c693a313538353338393938343b7265646972656374696f6e7c4e3b5f5f4143544956455f53455353494f4e5f444154417c733a3235363a2239336634363765303135616236613732386264666336653130303561643636386231316234323636356337356534383836343464623438316630386238613931333533363132356634626366653235383737653637633961663264336662663538363032373362663330633732313264663162633331323364643330313666364a2b43537435354e6d4269373171617038747355514f346f7a4661766e677a53366b443259505457336533774749416b4f693753385a7a444f576b52687536484c4d7275486761316c306e3266764151782b476c593755364c534a70635a646577514a5034306e50786f536c654b4d43697932796b654d6b6c6446474b443177223b),
('vqh6f8kgs0988vec0dqmt7mnantvnfia', '::1', 1585390366, 0x5f5f63695f6c6173745f726567656e65726174657c693a313538353339303336363b7265646972656374696f6e7c4e3b5f5f4143544956455f53455353494f4e5f444154417c733a3235363a2239336634363765303135616236613732386264666336653130303561643636386231316234323636356337356534383836343464623438316630386238613931333533363132356634626366653235383737653637633961663264336662663538363032373362663330633732313264663162633331323364643330313666364a2b43537435354e6d4269373171617038747355514f346f7a4661766e677a53366b443259505457336533774749416b4f693753385a7a444f576b52687536484c4d7275486761316c306e3266764151782b476c593755364c534a70635a646577514a5034306e50786f536c654b4d43697932796b654d6b6c6446474b443177223b),
('n84l41cuslaak050gfce3763vdfu0bor', '::1', 1585391152, 0x5f5f63695f6c6173745f726567656e65726174657c693a313538353339313135323b7265646972656374696f6e7c4e3b5f5f4143544956455f53455353494f4e5f444154417c733a3235363a2239336634363765303135616236613732386264666336653130303561643636386231316234323636356337356534383836343464623438316630386238613931333533363132356634626366653235383737653637633961663264336662663538363032373362663330633732313264663162633331323364643330313666364a2b43537435354e6d4269373171617038747355514f346f7a4661766e677a53366b443259505457336533774749416b4f693753385a7a444f576b52687536484c4d7275486761316c306e3266764151782b476c593755364c534a70635a646577514a5034306e50786f536c654b4d43697932796b654d6b6c6446474b443177223b),
('degn9k9glnnqjm570228pt2avgkncrff', '::1', 1585391580, 0x5f5f63695f6c6173745f726567656e65726174657c693a313538353339313538303b7265646972656374696f6e7c4e3b5f5f4143544956455f53455353494f4e5f444154417c733a3235363a2239336634363765303135616236613732386264666336653130303561643636386231316234323636356337356534383836343464623438316630386238613931333533363132356634626366653235383737653637633961663264336662663538363032373362663330633732313264663162633331323364643330313666364a2b43537435354e6d4269373171617038747355514f346f7a4661766e677a53366b443259505457336533774749416b4f693753385a7a444f576b52687536484c4d7275486761316c306e3266764151782b476c593755364c534a70635a646577514a5034306e50786f536c654b4d43697932796b654d6b6c6446474b443177223b),
('rhrdrol22pro8sc9bldepfi1428h1cup', '::1', 1585391911, 0x5f5f63695f6c6173745f726567656e65726174657c693a313538353339313931313b7265646972656374696f6e7c4e3b5f5f4143544956455f53455353494f4e5f444154417c733a3235363a2239336634363765303135616236613732386264666336653130303561643636386231316234323636356337356534383836343464623438316630386238613931333533363132356634626366653235383737653637633961663264336662663538363032373362663330633732313264663162633331323364643330313666364a2b43537435354e6d4269373171617038747355514f346f7a4661766e677a53366b443259505457336533774749416b4f693753385a7a444f576b52687536484c4d7275486761316c306e3266764151782b476c593755364c534a70635a646577514a5034306e50786f536c654b4d43697932796b654d6b6c6446474b443177223b),
('pvkoujavetpjbk3ko1q505iap4qsisj5', '::1', 1585392228, 0x5f5f63695f6c6173745f726567656e65726174657c693a313538353339323232383b7265646972656374696f6e7c4e3b5f5f4143544956455f53455353494f4e5f444154417c733a3235363a2239336634363765303135616236613732386264666336653130303561643636386231316234323636356337356534383836343464623438316630386238613931333533363132356634626366653235383737653637633961663264336662663538363032373362663330633732313264663162633331323364643330313666364a2b43537435354e6d4269373171617038747355514f346f7a4661766e677a53366b443259505457336533774749416b4f693753385a7a444f576b52687536484c4d7275486761316c306e3266764151782b476c593755364c534a70635a646577514a5034306e50786f536c654b4d43697932796b654d6b6c6446474b443177223b),
('u73m7a85q4m3t2v1fqfkepgmfqbbg4o1', '::1', 1585392558, 0x5f5f63695f6c6173745f726567656e65726174657c693a313538353339323535383b7265646972656374696f6e7c4e3b5f5f4143544956455f53455353494f4e5f444154417c733a3235363a2239336634363765303135616236613732386264666336653130303561643636386231316234323636356337356534383836343464623438316630386238613931333533363132356634626366653235383737653637633961663264336662663538363032373362663330633732313264663162633331323364643330313666364a2b43537435354e6d4269373171617038747355514f346f7a4661766e677a53366b443259505457336533774749416b4f693753385a7a444f576b52687536484c4d7275486761316c306e3266764151782b476c593755364c534a70635a646577514a5034306e50786f536c654b4d43697932796b654d6b6c6446474b443177223b),
('geeri8gveu3scb1oajrir5r1u97rv46v', '::1', 1585392864, 0x5f5f63695f6c6173745f726567656e65726174657c693a313538353339323836343b7265646972656374696f6e7c4e3b5f5f4143544956455f53455353494f4e5f444154417c733a3235363a2239336634363765303135616236613732386264666336653130303561643636386231316234323636356337356534383836343464623438316630386238613931333533363132356634626366653235383737653637633961663264336662663538363032373362663330633732313264663162633331323364643330313666364a2b43537435354e6d4269373171617038747355514f346f7a4661766e677a53366b443259505457336533774749416b4f693753385a7a444f576b52687536484c4d7275486761316c306e3266764151782b476c593755364c534a70635a646577514a5034306e50786f536c654b4d43697932796b654d6b6c6446474b443177223b),
('bmrdqahmc2dofbi802jkpvc7nn09tmbb', '::1', 1585393197, 0x5f5f63695f6c6173745f726567656e65726174657c693a313538353339333139373b7265646972656374696f6e7c4e3b5f5f4143544956455f53455353494f4e5f444154417c733a3235363a2239336634363765303135616236613732386264666336653130303561643636386231316234323636356337356534383836343464623438316630386238613931333533363132356634626366653235383737653637633961663264336662663538363032373362663330633732313264663162633331323364643330313666364a2b43537435354e6d4269373171617038747355514f346f7a4661766e677a53366b443259505457336533774749416b4f693753385a7a444f576b52687536484c4d7275486761316c306e3266764151782b476c593755364c534a70635a646577514a5034306e50786f536c654b4d43697932796b654d6b6c6446474b443177223b),
('nrsiadn19sj0n3heib9f5i4jass0g53e', '::1', 1585393686, 0x5f5f63695f6c6173745f726567656e65726174657c693a313538353339333638363b7265646972656374696f6e7c4e3b5f5f4143544956455f53455353494f4e5f444154417c733a3235363a22363761316338663736616539643134656138353830333765376631386261353837393537346261616234623362613237353937373261353564663364393837393534633231343162396433303738343765343465393530313838633536663566323037323639616237376334383630643732666138333738383034313263363362596b61746c74504f4d4537364e4b6f4653637670382f4139643362794f5637415947384e636f434e39334161774f526e52335a2f6557794b4875317a7835384a5a304b4d704e324663503637586f307139767a51774c382b31474a56586b572f4b305473357845486b4c726b2b544334423156674c6e4b4e4c49394e426c75223b),
('qv32gpj716rfun5ck0fbm486k2f3h4b6', '::1', 1585393504, 0x5f5f63695f6c6173745f726567656e65726174657c693a313538353339333530343b7265646972656374696f6e7c4e3b5f5f4143544956455f53455353494f4e5f444154417c733a3235363a2239336634363765303135616236613732386264666336653130303561643636386231316234323636356337356534383836343464623438316630386238613931333533363132356634626366653235383737653637633961663264336662663538363032373362663330633732313264663162633331323364643330313666364a2b43537435354e6d4269373171617038747355514f346f7a4661766e677a53366b443259505457336533774749416b4f693753385a7a444f576b52687536484c4d7275486761316c306e3266764151782b476c593755364c534a70635a646577514a5034306e50786f536c654b4d43697932796b654d6b6c6446474b443177223b),
('1cm998eb0e5ptf37nt0khgph6k3ov32t', '::1', 1585393849, 0x5f5f63695f6c6173745f726567656e65726174657c693a313538353339333834393b7265646972656374696f6e7c4e3b5f5f4143544956455f53455353494f4e5f444154417c733a3235363a2239336634363765303135616236613732386264666336653130303561643636386231316234323636356337356534383836343464623438316630386238613931333533363132356634626366653235383737653637633961663264336662663538363032373362663330633732313264663162633331323364643330313666364a2b43537435354e6d4269373171617038747355514f346f7a4661766e677a53366b443259505457336533774749416b4f693753385a7a444f576b52687536484c4d7275486761316c306e3266764151782b476c593755364c534a70635a646577514a5034306e50786f536c654b4d43697932796b654d6b6c6446474b443177223b),
('0jjrbrg8ihahc5j00un7ipk6p4a0p293', '::1', 1585394284, 0x5f5f63695f6c6173745f726567656e65726174657c693a313538353339343238343b7265646972656374696f6e7c4e3b5f5f4143544956455f53455353494f4e5f444154417c733a3235363a22363761316338663736616539643134656138353830333765376631386261353837393537346261616234623362613237353937373261353564663364393837393534633231343162396433303738343765343465393530313838633536663566323037323639616237376334383630643732666138333738383034313263363362596b61746c74504f4d4537364e4b6f4653637670382f4139643362794f5637415947384e636f434e39334161774f526e52335a2f6557794b4875317a7835384a5a304b4d704e324663503637586f307139767a51774c382b31474a56586b572f4b305473357845486b4c726b2b544334423156674c6e4b4e4c49394e426c75223b),
('p1o47qnhnfpb9b2qdmhj6tvoejf3j9iu', '::1', 1585394166, 0x5f5f63695f6c6173745f726567656e65726174657c693a313538353339343136363b7265646972656374696f6e7c4e3b5f5f4143544956455f53455353494f4e5f444154417c733a3235363a2239336634363765303135616236613732386264666336653130303561643636386231316234323636356337356534383836343464623438316630386238613931333533363132356634626366653235383737653637633961663264336662663538363032373362663330633732313264663162633331323364643330313666364a2b43537435354e6d4269373171617038747355514f346f7a4661766e677a53366b443259505457336533774749416b4f693753385a7a444f576b52687536484c4d7275486761316c306e3266764151782b476c593755364c534a70635a646577514a5034306e50786f536c654b4d43697932796b654d6b6c6446474b443177223b),
('aghh63iqdaiqcj81jqujt2bhdj449khm', '::1', 1585394518, 0x5f5f63695f6c6173745f726567656e65726174657c693a313538353339343531383b7265646972656374696f6e7c4e3b5f5f4143544956455f53455353494f4e5f444154417c733a3235363a2239336634363765303135616236613732386264666336653130303561643636386231316234323636356337356534383836343464623438316630386238613931333533363132356634626366653235383737653637633961663264336662663538363032373362663330633732313264663162633331323364643330313666364a2b43537435354e6d4269373171617038747355514f346f7a4661766e677a53366b443259505457336533774749416b4f693753385a7a444f576b52687536484c4d7275486761316c306e3266764151782b476c593755364c534a70635a646577514a5034306e50786f536c654b4d43697932796b654d6b6c6446474b443177223b),
('ebaibrum2jjdrfr0cogrr9i3gi7u3iq9', '::1', 1585400634, 0x5f5f63695f6c6173745f726567656e65726174657c693a313538353430303633343b7265646972656374696f6e7c4e3b5f5f4143544956455f53455353494f4e5f444154417c733a3235363a22363761316338663736616539643134656138353830333765376631386261353837393537346261616234623362613237353937373261353564663364393837393534633231343162396433303738343765343465393530313838633536663566323037323639616237376334383630643732666138333738383034313263363362596b61746c74504f4d4537364e4b6f4653637670382f4139643362794f5637415947384e636f434e39334161774f526e52335a2f6557794b4875317a7835384a5a304b4d704e324663503637586f307139767a51774c382b31474a56586b572f4b305473357845486b4c726b2b544334423156674c6e4b4e4c49394e426c75223b),
('ohmku0sjo16q6128ke9lfeft7j5ii548', '::1', 1585394890, 0x5f5f63695f6c6173745f726567656e65726174657c693a313538353339343839303b7265646972656374696f6e7c4e3b5f5f4143544956455f53455353494f4e5f444154417c733a3235363a2239336634363765303135616236613732386264666336653130303561643636386231316234323636356337356534383836343464623438316630386238613931333533363132356634626366653235383737653637633961663264336662663538363032373362663330633732313264663162633331323364643330313666364a2b43537435354e6d4269373171617038747355514f346f7a4661766e677a53366b443259505457336533774749416b4f693753385a7a444f576b52687536484c4d7275486761316c306e3266764151782b476c593755364c534a70635a646577514a5034306e50786f536c654b4d43697932796b654d6b6c6446474b443177223b),
('598pdf462pfsdgpdquig40v619dqml6g', '::1', 1585395247, 0x5f5f63695f6c6173745f726567656e65726174657c693a313538353339353234373b7265646972656374696f6e7c4e3b5f5f4143544956455f53455353494f4e5f444154417c733a3235363a2239336634363765303135616236613732386264666336653130303561643636386231316234323636356337356534383836343464623438316630386238613931333533363132356634626366653235383737653637633961663264336662663538363032373362663330633732313264663162633331323364643330313666364a2b43537435354e6d4269373171617038747355514f346f7a4661766e677a53366b443259505457336533774749416b4f693753385a7a444f576b52687536484c4d7275486761316c306e3266764151782b476c593755364c534a70635a646577514a5034306e50786f536c654b4d43697932796b654d6b6c6446474b443177223b),
('s8h3fnadsrrvm27pod0ii0gd4kior8lp', '::1', 1585395627, 0x5f5f63695f6c6173745f726567656e65726174657c693a313538353339353632373b7265646972656374696f6e7c4e3b5f5f4143544956455f53455353494f4e5f444154417c733a3235363a2239336634363765303135616236613732386264666336653130303561643636386231316234323636356337356534383836343464623438316630386238613931333533363132356634626366653235383737653637633961663264336662663538363032373362663330633732313264663162633331323364643330313666364a2b43537435354e6d4269373171617038747355514f346f7a4661766e677a53366b443259505457336533774749416b4f693753385a7a444f576b52687536484c4d7275486761316c306e3266764151782b476c593755364c534a70635a646577514a5034306e50786f536c654b4d43697932796b654d6b6c6446474b443177223b),
('n5a5cfqihfns4jnqq6otg75bd4oojfv3', '::1', 1585395980, 0x5f5f63695f6c6173745f726567656e65726174657c693a313538353339353938303b7265646972656374696f6e7c4e3b5f5f4143544956455f53455353494f4e5f444154417c733a3235363a2239336634363765303135616236613732386264666336653130303561643636386231316234323636356337356534383836343464623438316630386238613931333533363132356634626366653235383737653637633961663264336662663538363032373362663330633732313264663162633331323364643330313666364a2b43537435354e6d4269373171617038747355514f346f7a4661766e677a53366b443259505457336533774749416b4f693753385a7a444f576b52687536484c4d7275486761316c306e3266764151782b476c593755364c534a70635a646577514a5034306e50786f536c654b4d43697932796b654d6b6c6446474b443177223b),
('tv5qcgdasu0meam968hpf04jin5lj3qs', '::1', 1585396290, 0x5f5f63695f6c6173745f726567656e65726174657c693a313538353339363239303b7265646972656374696f6e7c4e3b5f5f4143544956455f53455353494f4e5f444154417c733a3235363a2239336634363765303135616236613732386264666336653130303561643636386231316234323636356337356534383836343464623438316630386238613931333533363132356634626366653235383737653637633961663264336662663538363032373362663330633732313264663162633331323364643330313666364a2b43537435354e6d4269373171617038747355514f346f7a4661766e677a53366b443259505457336533774749416b4f693753385a7a444f576b52687536484c4d7275486761316c306e3266764151782b476c593755364c534a70635a646577514a5034306e50786f536c654b4d43697932796b654d6b6c6446474b443177223b),
('lh23l36j84tlp2esl2eejm2ddd8ghlt9', '::1', 1585397408, 0x5f5f63695f6c6173745f726567656e65726174657c693a313538353339373430383b7265646972656374696f6e7c4e3b5f5f4143544956455f53455353494f4e5f444154417c733a3235363a2239336634363765303135616236613732386264666336653130303561643636386231316234323636356337356534383836343464623438316630386238613931333533363132356634626366653235383737653637633961663264336662663538363032373362663330633732313264663162633331323364643330313666364a2b43537435354e6d4269373171617038747355514f346f7a4661766e677a53366b443259505457336533774749416b4f693753385a7a444f576b52687536484c4d7275486761316c306e3266764151782b476c593755364c534a70635a646577514a5034306e50786f536c654b4d43697932796b654d6b6c6446474b443177223b),
('roqad4el4hoom92m5o4ucnhik2j4896n', '::1', 1585397734, 0x5f5f63695f6c6173745f726567656e65726174657c693a313538353339373733343b7265646972656374696f6e7c4e3b5f5f4143544956455f53455353494f4e5f444154417c733a3235363a2239336634363765303135616236613732386264666336653130303561643636386231316234323636356337356534383836343464623438316630386238613931333533363132356634626366653235383737653637633961663264336662663538363032373362663330633732313264663162633331323364643330313666364a2b43537435354e6d4269373171617038747355514f346f7a4661766e677a53366b443259505457336533774749416b4f693753385a7a444f576b52687536484c4d7275486761316c306e3266764151782b476c593755364c534a70635a646577514a5034306e50786f536c654b4d43697932796b654d6b6c6446474b443177223b),
('bho8efiujhsv1ld4845q77a4k63pnpf0', '::1', 1585398249, 0x5f5f63695f6c6173745f726567656e65726174657c693a313538353339383234393b7265646972656374696f6e7c4e3b5f5f4143544956455f53455353494f4e5f444154417c733a3235363a2239336634363765303135616236613732386264666336653130303561643636386231316234323636356337356534383836343464623438316630386238613931333533363132356634626366653235383737653637633961663264336662663538363032373362663330633732313264663162633331323364643330313666364a2b43537435354e6d4269373171617038747355514f346f7a4661766e677a53366b443259505457336533774749416b4f693753385a7a444f576b52687536484c4d7275486761316c306e3266764151782b476c593755364c534a70635a646577514a5034306e50786f536c654b4d43697932796b654d6b6c6446474b443177223b),
('jdst3riuoec00lfttess5p58drkgeu2g', '::1', 1585399348, 0x5f5f63695f6c6173745f726567656e65726174657c693a313538353339393334383b7265646972656374696f6e7c4e3b5f5f4143544956455f53455353494f4e5f444154417c733a3235363a2239336634363765303135616236613732386264666336653130303561643636386231316234323636356337356534383836343464623438316630386238613931333533363132356634626366653235383737653637633961663264336662663538363032373362663330633732313264663162633331323364643330313666364a2b43537435354e6d4269373171617038747355514f346f7a4661766e677a53366b443259505457336533774749416b4f693753385a7a444f576b52687536484c4d7275486761316c306e3266764151782b476c593755364c534a70635a646577514a5034306e50786f536c654b4d43697932796b654d6b6c6446474b443177223b7061796d656e745f666c6173687c733a33323a2250656d6261796172616e20626572686173696c2064696b6f6e6669726d617369223b5f5f63695f766172737c613a313a7b733a31333a227061796d656e745f666c617368223b733a333a226f6c64223b7d),
('qgh88lpq5v8gt7auj1ue8iiuqcl1o58e', '::1', 1585399855, 0x5f5f63695f6c6173745f726567656e65726174657c693a313538353339393835353b7265646972656374696f6e7c4e3b5f5f4143544956455f53455353494f4e5f444154417c733a3235363a2239336634363765303135616236613732386264666336653130303561643636386231316234323636356337356534383836343464623438316630386238613931333533363132356634626366653235383737653637633961663264336662663538363032373362663330633732313264663162633331323364643330313666364a2b43537435354e6d4269373171617038747355514f346f7a4661766e677a53366b443259505457336533774749416b4f693753385a7a444f576b52687536484c4d7275486761316c306e3266764151782b476c593755364c534a70635a646577514a5034306e50786f536c654b4d43697932796b654d6b6c6446474b443177223b),
('pn0aumohbn1u60vdo9vmipnc6oquvpto', '::1', 1585400313, 0x5f5f63695f6c6173745f726567656e65726174657c693a313538353430303331333b7265646972656374696f6e7c4e3b5f5f4143544956455f53455353494f4e5f444154417c733a3235363a2239336634363765303135616236613732386264666336653130303561643636386231316234323636356337356534383836343464623438316630386238613931333533363132356634626366653235383737653637633961663264336662663538363032373362663330633732313264663162633331323364643330313666364a2b43537435354e6d4269373171617038747355514f346f7a4661766e677a53366b443259505457336533774749416b4f693753385a7a444f576b52687536484c4d7275486761316c306e3266764151782b476c593755364c534a70635a646577514a5034306e50786f536c654b4d43697932796b654d6b6c6446474b443177223b),
('a188nu4mngqn976uqab49e7322j1702i', '::1', 1585400616, 0x5f5f63695f6c6173745f726567656e65726174657c693a313538353430303631363b7265646972656374696f6e7c4e3b5f5f4143544956455f53455353494f4e5f444154417c733a3235363a2239336634363765303135616236613732386264666336653130303561643636386231316234323636356337356534383836343464623438316630386238613931333533363132356634626366653235383737653637633961663264336662663538363032373362663330633732313264663162633331323364643330313666364a2b43537435354e6d4269373171617038747355514f346f7a4661766e677a53366b443259505457336533774749416b4f693753385a7a444f576b52687536484c4d7275486761316c306e3266764151782b476c593755364c534a70635a646577514a5034306e50786f536c654b4d43697932796b654d6b6c6446474b443177223b),
('j747f2rr4dbhgkjnq1cf91eklst2vl5h', '::1', 1585400925, 0x5f5f63695f6c6173745f726567656e65726174657c693a313538353430303932353b7265646972656374696f6e7c4e3b5f5f4143544956455f53455353494f4e5f444154417c733a3235363a2239336634363765303135616236613732386264666336653130303561643636386231316234323636356337356534383836343464623438316630386238613931333533363132356634626366653235383737653637633961663264336662663538363032373362663330633732313264663162633331323364643330313666364a2b43537435354e6d4269373171617038747355514f346f7a4661766e677a53366b443259505457336533774749416b4f693753385a7a444f576b52687536484c4d7275486761316c306e3266764151782b476c593755364c534a70635a646577514a5034306e50786f536c654b4d43697932796b654d6b6c6446474b443177223b),
('m4k8t1oh4u05ifnm7fhvop53bovo9hcn', '::1', 1585406173, 0x5f5f63695f6c6173745f726567656e65726174657c693a313538353430363137333b7265646972656374696f6e7c4e3b5f5f4143544956455f53455353494f4e5f444154417c733a3235363a22363761316338663736616539643134656138353830333765376631386261353837393537346261616234623362613237353937373261353564663364393837393534633231343162396433303738343765343465393530313838633536663566323037323639616237376334383630643732666138333738383034313263363362596b61746c74504f4d4537364e4b6f4653637670382f4139643362794f5637415947384e636f434e39334161774f526e52335a2f6557794b4875317a7835384a5a304b4d704e324663503637586f307139767a51774c382b31474a56586b572f4b305473357845486b4c726b2b544334423156674c6e4b4e4c49394e426c75223b),
('kbu12bemkjc5a5jh2u0m7pn5g24gi1ia', '::1', 1585402519, 0x5f5f63695f6c6173745f726567656e65726174657c693a313538353430323531393b7265646972656374696f6e7c4e3b5f5f4143544956455f53455353494f4e5f444154417c733a3235363a2239336634363765303135616236613732386264666336653130303561643636386231316234323636356337356534383836343464623438316630386238613931333533363132356634626366653235383737653637633961663264336662663538363032373362663330633732313264663162633331323364643330313666364a2b43537435354e6d4269373171617038747355514f346f7a4661766e677a53366b443259505457336533774749416b4f693753385a7a444f576b52687536484c4d7275486761316c306e3266764151782b476c593755364c534a70635a646577514a5034306e50786f536c654b4d43697932796b654d6b6c6446474b443177223b),
('h7pr4sgru8ttc9sl8b7c0hqhkebbd59n', '::1', 1585403092, 0x5f5f63695f6c6173745f726567656e65726174657c693a313538353430333039323b7265646972656374696f6e7c4e3b5f5f4143544956455f53455353494f4e5f444154417c733a3235363a2239336634363765303135616236613732386264666336653130303561643636386231316234323636356337356534383836343464623438316630386238613931333533363132356634626366653235383737653637633961663264336662663538363032373362663330633732313264663162633331323364643330313666364a2b43537435354e6d4269373171617038747355514f346f7a4661766e677a53366b443259505457336533774749416b4f693753385a7a444f576b52687536484c4d7275486761316c306e3266764151782b476c593755364c534a70635a646577514a5034306e50786f536c654b4d43697932796b654d6b6c6446474b443177223b),
('e228tdoaj2d6jo7qtlj486ijpgkeat47', '::1', 1585403409, 0x5f5f63695f6c6173745f726567656e65726174657c693a313538353430333430393b7265646972656374696f6e7c4e3b5f5f4143544956455f53455353494f4e5f444154417c733a3235363a2239336634363765303135616236613732386264666336653130303561643636386231316234323636356337356534383836343464623438316630386238613931333533363132356634626366653235383737653637633961663264336662663538363032373362663330633732313264663162633331323364643330313666364a2b43537435354e6d4269373171617038747355514f346f7a4661766e677a53366b443259505457336533774749416b4f693753385a7a444f576b52687536484c4d7275486761316c306e3266764151782b476c593755364c534a70635a646577514a5034306e50786f536c654b4d43697932796b654d6b6c6446474b443177223b),
('3voggbt52udpm2980fols9ljaqmpt1ho', '::1', 1585403728, 0x5f5f63695f6c6173745f726567656e65726174657c693a313538353430333732383b7265646972656374696f6e7c4e3b5f5f4143544956455f53455353494f4e5f444154417c733a3235363a2239336634363765303135616236613732386264666336653130303561643636386231316234323636356337356534383836343464623438316630386238613931333533363132356634626366653235383737653637633961663264336662663538363032373362663330633732313264663162633331323364643330313666364a2b43537435354e6d4269373171617038747355514f346f7a4661766e677a53366b443259505457336533774749416b4f693753385a7a444f576b52687536484c4d7275486761316c306e3266764151782b476c593755364c534a70635a646577514a5034306e50786f536c654b4d43697932796b654d6b6c6446474b443177223b),
('2sg50n4m1um9peg68ccn8soa47tqfn7t', '::1', 1585404093, 0x5f5f63695f6c6173745f726567656e65726174657c693a313538353430343039333b7265646972656374696f6e7c4e3b5f5f4143544956455f53455353494f4e5f444154417c733a3235363a2239336634363765303135616236613732386264666336653130303561643636386231316234323636356337356534383836343464623438316630386238613931333533363132356634626366653235383737653637633961663264336662663538363032373362663330633732313264663162633331323364643330313666364a2b43537435354e6d4269373171617038747355514f346f7a4661766e677a53366b443259505457336533774749416b4f693753385a7a444f576b52687536484c4d7275486761316c306e3266764151782b476c593755364c534a70635a646577514a5034306e50786f536c654b4d43697932796b654d6b6c6446474b443177223b),
('48agj3o5iiqtc1ijqp7ep1lm9io1tjf3', '::1', 1585404407, 0x5f5f63695f6c6173745f726567656e65726174657c693a313538353430343430373b7265646972656374696f6e7c4e3b5f5f4143544956455f53455353494f4e5f444154417c733a3235363a2239336634363765303135616236613732386264666336653130303561643636386231316234323636356337356534383836343464623438316630386238613931333533363132356634626366653235383737653637633961663264336662663538363032373362663330633732313264663162633331323364643330313666364a2b43537435354e6d4269373171617038747355514f346f7a4661766e677a53366b443259505457336533774749416b4f693753385a7a444f576b52687536484c4d7275486761316c306e3266764151782b476c593755364c534a70635a646577514a5034306e50786f536c654b4d43697932796b654d6b6c6446474b443177223b),
('428ggh8jeh4irlitrnse34v3fuavctk9', '::1', 1585404996, 0x5f5f63695f6c6173745f726567656e65726174657c693a313538353430343939363b7265646972656374696f6e7c4e3b5f5f4143544956455f53455353494f4e5f444154417c733a3235363a2239336634363765303135616236613732386264666336653130303561643636386231316234323636356337356534383836343464623438316630386238613931333533363132356634626366653235383737653637633961663264336662663538363032373362663330633732313264663162633331323364643330313666364a2b43537435354e6d4269373171617038747355514f346f7a4661766e677a53366b443259505457336533774749416b4f693753385a7a444f576b52687536484c4d7275486761316c306e3266764151782b476c593755364c534a70635a646577514a5034306e50786f536c654b4d43697932796b654d6b6c6446474b443177223b),
('7e86tl19t4t9idirmsfcf84qc25ii5ph', '::1', 1585405382, 0x5f5f63695f6c6173745f726567656e65726174657c693a313538353430353338323b7265646972656374696f6e7c4e3b5f5f4143544956455f53455353494f4e5f444154417c733a3235363a2239336634363765303135616236613732386264666336653130303561643636386231316234323636356337356534383836343464623438316630386238613931333533363132356634626366653235383737653637633961663264336662663538363032373362663330633732313264663162633331323364643330313666364a2b43537435354e6d4269373171617038747355514f346f7a4661766e677a53366b443259505457336533774749416b4f693753385a7a444f576b52687536484c4d7275486761316c306e3266764151782b476c593755364c534a70635a646577514a5034306e50786f536c654b4d43697932796b654d6b6c6446474b443177223b),
('c85rrd740769o0u9p7732n2pavf3pidg', '::1', 1585405707, 0x5f5f63695f6c6173745f726567656e65726174657c693a313538353430353730373b7265646972656374696f6e7c4e3b5f5f4143544956455f53455353494f4e5f444154417c733a3235363a2239336634363765303135616236613732386264666336653130303561643636386231316234323636356337356534383836343464623438316630386238613931333533363132356634626366653235383737653637633961663264336662663538363032373362663330633732313264663162633331323364643330313666364a2b43537435354e6d4269373171617038747355514f346f7a4661766e677a53366b443259505457336533774749416b4f693753385a7a444f576b52687536484c4d7275486761316c306e3266764151782b476c593755364c534a70635a646577514a5034306e50786f536c654b4d43697932796b654d6b6c6446474b443177223b),
('vfslu7p7iqrkvjmtdl6hbpsp9tojnfv8', '::1', 1585406033, 0x5f5f63695f6c6173745f726567656e65726174657c693a313538353430363033333b7265646972656374696f6e7c4e3b5f5f4143544956455f53455353494f4e5f444154417c733a3235363a2239336634363765303135616236613732386264666336653130303561643636386231316234323636356337356534383836343464623438316630386238613931333533363132356634626366653235383737653637633961663264336662663538363032373362663330633732313264663162633331323364643330313666364a2b43537435354e6d4269373171617038747355514f346f7a4661766e677a53366b443259505457336533774749416b4f693753385a7a444f576b52687536484c4d7275486761316c306e3266764151782b476c593755364c534a70635a646577514a5034306e50786f536c654b4d43697932796b654d6b6c6446474b443177223b),
('kjtj3th8i9777e3gc03rjqdj96v6cntv', '::1', 1585406376, 0x5f5f63695f6c6173745f726567656e65726174657c693a313538353430363337363b7265646972656374696f6e7c4e3b5f5f4143544956455f53455353494f4e5f444154417c733a3235363a2239336634363765303135616236613732386264666336653130303561643636386231316234323636356337356534383836343464623438316630386238613931333533363132356634626366653235383737653637633961663264336662663538363032373362663330633732313264663162633331323364643330313666364a2b43537435354e6d4269373171617038747355514f346f7a4661766e677a53366b443259505457336533774749416b4f693753385a7a444f576b52687536484c4d7275486761316c306e3266764151782b476c593755364c534a70635a646577514a5034306e50786f536c654b4d43697932796b654d6b6c6446474b443177223b656469745f70726f647563745f666c6173687c733a32373a2250726f64756b20626572686173696c206469706572626172756921223b5f5f63695f766172737c613a313a7b733a31383a22656469745f70726f647563745f666c617368223b733a333a226f6c64223b7d),
('opsltu7abv5oa1s12v7cvsl4gnsfpk0t', '::1', 1585406480, 0x5f5f63695f6c6173745f726567656e65726174657c693a313538353430363438303b7265646972656374696f6e7c4e3b5f5f4143544956455f53455353494f4e5f444154417c733a3235363a22363761316338663736616539643134656138353830333765376631386261353837393537346261616234623362613237353937373261353564663364393837393534633231343162396433303738343765343465393530313838633536663566323037323639616237376334383630643732666138333738383034313263363362596b61746c74504f4d4537364e4b6f4653637670382f4139643362794f5637415947384e636f434e39334161774f526e52335a2f6557794b4875317a7835384a5a304b4d704e324663503637586f307139767a51774c382b31474a56586b572f4b305473357845486b4c726b2b544334423156674c6e4b4e4c49394e426c75223b636172745f636f6e74656e74737c613a353a7b733a31303a22636172745f746f74616c223b643a3130363030303b733a31313a22746f74616c5f6974656d73223b643a333b733a33323a226334636134323338613062393233383230646363353039613666373538343962223b613a363a7b733a323a226964223b733a313a2231223b733a333a22717479223b643a313b733a353a227072696365223b643a36353030303b733a343a226e616d65223b733a31303a2253747261776265727279223b733a353a22726f776964223b733a33323a226334636134323338613062393233383230646363353039613666373538343962223b733a383a22737562746f74616c223b643a36353030303b7d733a33323a226338316537323864396434633266363336663036376638396363313438363263223b613a363a7b733a323a226964223b733a313a2232223b733a333a22717479223b643a313b733a353a227072696365223b643a33313030303b733a343a226e616d65223b733a373a2242726f6b6f6c69223b733a353a22726f776964223b733a33323a226338316537323864396434633266363336663036376638396363313438363263223b733a383a22737562746f74616c223b643a33313030303b7d733a33323a226138376666363739613266336537316439313831613637623735343231323263223b613a363a7b733a323a226964223b733a313a2234223b733a333a22717479223b643a313b733a353a227072696365223b643a31303030303b733a343a226e616d65223b733a353a22546f6d6174223b733a353a22726f776964223b733a33323a226138376666363739613266336537316439313831613637623735343231323263223b733a383a22737562746f74616c223b643a31303030303b7d7d),
('13uuu4c9hvjqc50lln028p2uao59hv3g', '::1', 1585406696, 0x5f5f63695f6c6173745f726567656e65726174657c693a313538353430363639363b7265646972656374696f6e7c4e3b5f5f4143544956455f53455353494f4e5f444154417c733a3235363a2239336634363765303135616236613732386264666336653130303561643636386231316234323636356337356534383836343464623438316630386238613931333533363132356634626366653235383737653637633961663264336662663538363032373362663330633732313264663162633331323364643330313666364a2b43537435354e6d4269373171617038747355514f346f7a4661766e677a53366b443259505457336533774749416b4f693753385a7a444f576b52687536484c4d7275486761316c306e3266764151782b476c593755364c534a70635a646577514a5034306e50786f536c654b4d43697932796b654d6b6c6446474b443177223b),
('o8fo8i4dkdqvu1nm09c74it94ctobm27', '::1', 1585407057, 0x5f5f63695f6c6173745f726567656e65726174657c693a313538353430373035373b7265646972656374696f6e7c4e3b5f5f4143544956455f53455353494f4e5f444154417c733a3235363a22363761316338663736616539643134656138353830333765376631386261353837393537346261616234623362613237353937373261353564663364393837393534633231343162396433303738343765343465393530313838633536663566323037323639616237376334383630643732666138333738383034313263363362596b61746c74504f4d4537364e4b6f4653637670382f4139643362794f5637415947384e636f434e39334161774f526e52335a2f6557794b4875317a7835384a5a304b4d704e324663503637586f307139767a51774c382b31474a56586b572f4b305473357845486b4c726b2b544334423156674c6e4b4e4c49394e426c75223b),
('qjc6nujl2nlnfgg21edavcmb8r5ahpur', '::1', 1585407012, 0x5f5f63695f6c6173745f726567656e65726174657c693a313538353430373031323b7265646972656374696f6e7c4e3b5f5f4143544956455f53455353494f4e5f444154417c733a3235363a2239336634363765303135616236613732386264666336653130303561643636386231316234323636356337356534383836343464623438316630386238613931333533363132356634626366653235383737653637633961663264336662663538363032373362663330633732313264663162633331323364643330313666364a2b43537435354e6d4269373171617038747355514f346f7a4661766e677a53366b443259505457336533774749416b4f693753385a7a444f576b52687536484c4d7275486761316c306e3266764151782b476c593755364c534a70635a646577514a5034306e50786f536c654b4d43697932796b654d6b6c6446474b443177223b),
('ta3kv3gns17m5flpedup5urvc9souhv4', '::1', 1585407316, 0x5f5f63695f6c6173745f726567656e65726174657c693a313538353430373331363b7265646972656374696f6e7c4e3b5f5f4143544956455f53455353494f4e5f444154417c733a3235363a2239336634363765303135616236613732386264666336653130303561643636386231316234323636356337356534383836343464623438316630386238613931333533363132356634626366653235383737653637633961663264336662663538363032373362663330633732313264663162633331323364643330313666364a2b43537435354e6d4269373171617038747355514f346f7a4661766e677a53366b443259505457336533774749416b4f693753385a7a444f576b52687536484c4d7275486761316c306e3266764151782b476c593755364c534a70635a646577514a5034306e50786f536c654b4d43697932796b654d6b6c6446474b443177223b),
('p2khrsjem1tvrb16bqrvrd1d67a2i0ev', '::1', 1585407058, 0x5f5f63695f6c6173745f726567656e65726174657c693a313538353430373035373b7265646972656374696f6e7c4e3b5f5f4143544956455f53455353494f4e5f444154417c733a3235363a22363761316338663736616539643134656138353830333765376631386261353837393537346261616234623362613237353937373261353564663364393837393534633231343162396433303738343765343465393530313838633536663566323037323639616237376334383630643732666138333738383034313263363362596b61746c74504f4d4537364e4b6f4653637670382f4139643362794f5637415947384e636f434e39334161774f526e52335a2f6557794b4875317a7835384a5a304b4d704e324663503637586f307139767a51774c382b31474a56586b572f4b305473357845486b4c726b2b544334423156674c6e4b4e4c49394e426c75223b),
('9f1uloneb1o7btph61ke5fh2q5e55r0p', '::1', 1585407625, 0x5f5f63695f6c6173745f726567656e65726174657c693a313538353430373632353b7265646972656374696f6e7c4e3b5f5f4143544956455f53455353494f4e5f444154417c733a3235363a2239336634363765303135616236613732386264666336653130303561643636386231316234323636356337356534383836343464623438316630386238613931333533363132356634626366653235383737653637633961663264336662663538363032373362663330633732313264663162633331323364643330313666364a2b43537435354e6d4269373171617038747355514f346f7a4661766e677a53366b443259505457336533774749416b4f693753385a7a444f576b52687536484c4d7275486761316c306e3266764151782b476c593755364c534a70635a646577514a5034306e50786f536c654b4d43697932796b654d6b6c6446474b443177223b),
('5e3badufbbtktk0cbe4b6p9aiapnnism', '::1', 1585408010, 0x5f5f63695f6c6173745f726567656e65726174657c693a313538353430383031303b7265646972656374696f6e7c4e3b5f5f4143544956455f53455353494f4e5f444154417c733a3235363a2239336634363765303135616236613732386264666336653130303561643636386231316234323636356337356534383836343464623438316630386238613931333533363132356634626366653235383737653637633961663264336662663538363032373362663330633732313264663162633331323364643330313666364a2b43537435354e6d4269373171617038747355514f346f7a4661766e677a53366b443259505457336533774749416b4f693753385a7a444f576b52687536484c4d7275486761316c306e3266764151782b476c593755364c534a70635a646577514a5034306e50786f536c654b4d43697932796b654d6b6c6446474b443177223b),
('0h2j2kpdkimib9q82ee7eskifl3ug0s8', '::1', 1585408330, 0x5f5f63695f6c6173745f726567656e65726174657c693a313538353430383333303b7265646972656374696f6e7c4e3b5f5f4143544956455f53455353494f4e5f444154417c733a3235363a2239336634363765303135616236613732386264666336653130303561643636386231316234323636356337356534383836343464623438316630386238613931333533363132356634626366653235383737653637633961663264336662663538363032373362663330633732313264663162633331323364643330313666364a2b43537435354e6d4269373171617038747355514f346f7a4661766e677a53366b443259505457336533774749416b4f693753385a7a444f576b52687536484c4d7275486761316c306e3266764151782b476c593755364c534a70635a646577514a5034306e50786f536c654b4d43697932796b654d6b6c6446474b443177223b),
('v1kt90druecvja2ld7biq2stknkngbvn', '::1', 1585408779, 0x5f5f63695f6c6173745f726567656e65726174657c693a313538353430383737393b7265646972656374696f6e7c4e3b5f5f4143544956455f53455353494f4e5f444154417c733a3235363a2239336634363765303135616236613732386264666336653130303561643636386231316234323636356337356534383836343464623438316630386238613931333533363132356634626366653235383737653637633961663264336662663538363032373362663330633732313264663162633331323364643330313666364a2b43537435354e6d4269373171617038747355514f346f7a4661766e677a53366b443259505457336533774749416b4f693753385a7a444f576b52687536484c4d7275486761316c306e3266764151782b476c593755364c534a70635a646577514a5034306e50786f536c654b4d43697932796b654d6b6c6446474b443177223b),
('4hh4j0aai51fiuhkejof9vgfqqdoihq9', '::1', 1585409104, 0x5f5f63695f6c6173745f726567656e65726174657c693a313538353430393130343b7265646972656374696f6e7c4e3b5f5f4143544956455f53455353494f4e5f444154417c733a3235363a2239336634363765303135616236613732386264666336653130303561643636386231316234323636356337356534383836343464623438316630386238613931333533363132356634626366653235383737653637633961663264336662663538363032373362663330633732313264663162633331323364643330313666364a2b43537435354e6d4269373171617038747355514f346f7a4661766e677a53366b443259505457336533774749416b4f693753385a7a444f576b52687536484c4d7275486761316c306e3266764151782b476c593755364c534a70635a646577514a5034306e50786f536c654b4d43697932796b654d6b6c6446474b443177223b),
('vr1lihbnfjctva2t205qtme727frj8jd', '::1', 1585409580, 0x5f5f63695f6c6173745f726567656e65726174657c693a313538353430393538303b7265646972656374696f6e7c4e3b5f5f4143544956455f53455353494f4e5f444154417c733a3235363a2239336634363765303135616236613732386264666336653130303561643636386231316234323636356337356534383836343464623438316630386238613931333533363132356634626366653235383737653637633961663264336662663538363032373362663330633732313264663162633331323364643330313666364a2b43537435354e6d4269373171617038747355514f346f7a4661766e677a53366b443259505457336533774749416b4f693753385a7a444f576b52687536484c4d7275486761316c306e3266764151782b476c593755364c534a70635a646577514a5034306e50786f536c654b4d43697932796b654d6b6c6446474b443177223b),
('atr84cvpgb5k7frkdbd4umq3770mbmhi', '::1', 1585409892, 0x5f5f63695f6c6173745f726567656e65726174657c693a313538353430393839323b7265646972656374696f6e7c4e3b5f5f4143544956455f53455353494f4e5f444154417c733a3235363a2239336634363765303135616236613732386264666336653130303561643636386231316234323636356337356534383836343464623438316630386238613931333533363132356634626366653235383737653637633961663264336662663538363032373362663330633732313264663162633331323364643330313666364a2b43537435354e6d4269373171617038747355514f346f7a4661766e677a53366b443259505457336533774749416b4f693753385a7a444f576b52687536484c4d7275486761316c306e3266764151782b476c593755364c534a70635a646577514a5034306e50786f536c654b4d43697932796b654d6b6c6446474b443177223b),
('fdbgmgkl4csee5epqkjtafba3md2epj1', '::1', 1585410247, 0x5f5f63695f6c6173745f726567656e65726174657c693a313538353431303234373b7265646972656374696f6e7c4e3b5f5f4143544956455f53455353494f4e5f444154417c733a3235363a2239336634363765303135616236613732386264666336653130303561643636386231316234323636356337356534383836343464623438316630386238613931333533363132356634626366653235383737653637633961663264336662663538363032373362663330633732313264663162633331323364643330313666364a2b43537435354e6d4269373171617038747355514f346f7a4661766e677a53366b443259505457336533774749416b4f693753385a7a444f576b52687536484c4d7275486761316c306e3266764151782b476c593755364c534a70635a646577514a5034306e50786f536c654b4d43697932796b654d6b6c6446474b443177223b),
('dsjf9ti3067smmcv6pk06p33iphocsd8', '::1', 1585410576, 0x5f5f63695f6c6173745f726567656e65726174657c693a313538353431303537363b7265646972656374696f6e7c4e3b5f5f4143544956455f53455353494f4e5f444154417c733a3235363a2239336634363765303135616236613732386264666336653130303561643636386231316234323636356337356534383836343464623438316630386238613931333533363132356634626366653235383737653637633961663264336662663538363032373362663330633732313264663162633331323364643330313666364a2b43537435354e6d4269373171617038747355514f346f7a4661766e677a53366b443259505457336533774749416b4f693753385a7a444f576b52687536484c4d7275486761316c306e3266764151782b476c593755364c534a70635a646577514a5034306e50786f536c654b4d43697932796b654d6b6c6446474b443177223b),
('ctu0abh9ounjbouku62au0ersdp0j2to', '::1', 1585410915, 0x5f5f63695f6c6173745f726567656e65726174657c693a313538353431303931353b7265646972656374696f6e7c4e3b5f5f4143544956455f53455353494f4e5f444154417c733a3235363a2239336634363765303135616236613732386264666336653130303561643636386231316234323636356337356534383836343464623438316630386238613931333533363132356634626366653235383737653637633961663264336662663538363032373362663330633732313264663162633331323364643330313666364a2b43537435354e6d4269373171617038747355514f346f7a4661766e677a53366b443259505457336533774749416b4f693753385a7a444f576b52687536484c4d7275486761316c306e3266764151782b476c593755364c534a70635a646577514a5034306e50786f536c654b4d43697932796b654d6b6c6446474b443177223b);
INSERT INTO `ci_sessions` (`id`, `ip_address`, `timestamp`, `data`) VALUES
('80n8k9s8tlvaidrtlep7dm9448phgi5j', '::1', 1585411280, 0x5f5f63695f6c6173745f726567656e65726174657c693a313538353431313238303b7265646972656374696f6e7c4e3b5f5f4143544956455f53455353494f4e5f444154417c733a3235363a2239336634363765303135616236613732386264666336653130303561643636386231316234323636356337356534383836343464623438316630386238613931333533363132356634626366653235383737653637633961663264336662663538363032373362663330633732313264663162633331323364643330313666364a2b43537435354e6d4269373171617038747355514f346f7a4661766e677a53366b443259505457336533774749416b4f693753385a7a444f576b52687536484c4d7275486761316c306e3266764151782b476c593755364c534a70635a646577514a5034306e50786f536c654b4d43697932796b654d6b6c6446474b443177223b),
('v3drvd76ia1quh1nipuspbc2ip7slot4', '::1', 1585412398, 0x5f5f63695f6c6173745f726567656e65726174657c693a313538353431323339383b7265646972656374696f6e7c4e3b5f5f4143544956455f53455353494f4e5f444154417c733a3235363a2239336634363765303135616236613732386264666336653130303561643636386231316234323636356337356534383836343464623438316630386238613931333533363132356634626366653235383737653637633961663264336662663538363032373362663330633732313264663162633331323364643330313666364a2b43537435354e6d4269373171617038747355514f346f7a4661766e677a53366b443259505457336533774749416b4f693753385a7a444f576b52687536484c4d7275486761316c306e3266764151782b476c593755364c534a70635a646577514a5034306e50786f536c654b4d43697932796b654d6b6c6446474b443177223b),
('h4rknuvmi0iuuuorlqhric8def2ocv0v', '::1', 1585412700, 0x5f5f63695f6c6173745f726567656e65726174657c693a313538353431323730303b7265646972656374696f6e7c4e3b5f5f4143544956455f53455353494f4e5f444154417c733a3235363a2239336634363765303135616236613732386264666336653130303561643636386231316234323636356337356534383836343464623438316630386238613931333533363132356634626366653235383737653637633961663264336662663538363032373362663330633732313264663162633331323364643330313666364a2b43537435354e6d4269373171617038747355514f346f7a4661766e677a53366b443259505457336533774749416b4f693753385a7a444f576b52687536484c4d7275486761316c306e3266764151782b476c593755364c534a70635a646577514a5034306e50786f536c654b4d43697932796b654d6b6c6446474b443177223b),
('jbmf1eo4nvsebi22miq4ilg5mltfqaod', '::1', 1585413002, 0x5f5f63695f6c6173745f726567656e65726174657c693a313538353431333030323b7265646972656374696f6e7c4e3b5f5f4143544956455f53455353494f4e5f444154417c733a3235363a2239336634363765303135616236613732386264666336653130303561643636386231316234323636356337356534383836343464623438316630386238613931333533363132356634626366653235383737653637633961663264336662663538363032373362663330633732313264663162633331323364643330313666364a2b43537435354e6d4269373171617038747355514f346f7a4661766e677a53366b443259505457336533774749416b4f693753385a7a444f576b52687536484c4d7275486761316c306e3266764151782b476c593755364c534a70635a646577514a5034306e50786f536c654b4d43697932796b654d6b6c6446474b443177223b),
('v8rhp1o0gvn1l3iuotviqb2smobr25tm', '::1', 1585414031, 0x5f5f63695f6c6173745f726567656e65726174657c693a313538353431343033313b7265646972656374696f6e7c4e3b5f5f4143544956455f53455353494f4e5f444154417c733a3235363a2239336634363765303135616236613732386264666336653130303561643636386231316234323636356337356534383836343464623438316630386238613931333533363132356634626366653235383737653637633961663264336662663538363032373362663330633732313264663162633331323364643330313666364a2b43537435354e6d4269373171617038747355514f346f7a4661766e677a53366b443259505457336533774749416b4f693753385a7a444f576b52687536484c4d7275486761316c306e3266764151782b476c593755364c534a70635a646577514a5034306e50786f536c654b4d43697932796b654d6b6c6446474b443177223b),
('01mn14aavf22jm747h468li22p002ct3', '::1', 1585414388, 0x5f5f63695f6c6173745f726567656e65726174657c693a313538353431343338383b7265646972656374696f6e7c4e3b5f5f4143544956455f53455353494f4e5f444154417c733a3235363a2239336634363765303135616236613732386264666336653130303561643636386231316234323636356337356534383836343464623438316630386238613931333533363132356634626366653235383737653637633961663264336662663538363032373362663330633732313264663162633331323364643330313666364a2b43537435354e6d4269373171617038747355514f346f7a4661766e677a53366b443259505457336533774749416b4f693753385a7a444f576b52687536484c4d7275486761316c306e3266764151782b476c593755364c534a70635a646577514a5034306e50786f536c654b4d43697932796b654d6b6c6446474b443177223b),
('b3v52djgg953633b3c3bdj5a69p9ckaq', '::1', 1585414730, 0x5f5f63695f6c6173745f726567656e65726174657c693a313538353431343733303b7265646972656374696f6e7c4e3b5f5f4143544956455f53455353494f4e5f444154417c733a3235363a2239336634363765303135616236613732386264666336653130303561643636386231316234323636356337356534383836343464623438316630386238613931333533363132356634626366653235383737653637633961663264336662663538363032373362663330633732313264663162633331323364643330313666364a2b43537435354e6d4269373171617038747355514f346f7a4661766e677a53366b443259505457336533774749416b4f693753385a7a444f576b52687536484c4d7275486761316c306e3266764151782b476c593755364c534a70635a646577514a5034306e50786f536c654b4d43697932796b654d6b6c6446474b443177223b),
('en3i0ho3ojtubfh3556rk0g4p6edvah8', '::1', 1585415868, 0x5f5f63695f6c6173745f726567656e65726174657c693a313538353431353836383b7265646972656374696f6e7c4e3b5f5f4143544956455f53455353494f4e5f444154417c733a3235363a2239336634363765303135616236613732386264666336653130303561643636386231316234323636356337356534383836343464623438316630386238613931333533363132356634626366653235383737653637633961663264336662663538363032373362663330633732313264663162633331323364643330313666364a2b43537435354e6d4269373171617038747355514f346f7a4661766e677a53366b443259505457336533774749416b4f693753385a7a444f576b52687536484c4d7275486761316c306e3266764151782b476c593755364c534a70635a646577514a5034306e50786f536c654b4d43697932796b654d6b6c6446474b443177223b),
('vbceng8va0mfae9u52lnm627gk2eku8u', '::1', 1585416270, 0x5f5f63695f6c6173745f726567656e65726174657c693a313538353431363237303b7265646972656374696f6e7c4e3b5f5f4143544956455f53455353494f4e5f444154417c733a3235363a2239336634363765303135616236613732386264666336653130303561643636386231316234323636356337356534383836343464623438316630386238613931333533363132356634626366653235383737653637633961663264336662663538363032373362663330633732313264663162633331323364643330313666364a2b43537435354e6d4269373171617038747355514f346f7a4661766e677a53366b443259505457336533774749416b4f693753385a7a444f576b52687536484c4d7275486761316c306e3266764151782b476c593755364c534a70635a646577514a5034306e50786f536c654b4d43697932796b654d6b6c6446474b443177223b),
('11lbsga8vq2vfpp6152a644np8lq8280', '::1', 1585416571, 0x5f5f63695f6c6173745f726567656e65726174657c693a313538353431363537313b7265646972656374696f6e7c4e3b5f5f4143544956455f53455353494f4e5f444154417c733a3235363a2239336634363765303135616236613732386264666336653130303561643636386231316234323636356337356534383836343464623438316630386238613931333533363132356634626366653235383737653637633961663264336662663538363032373362663330633732313264663162633331323364643330313666364a2b43537435354e6d4269373171617038747355514f346f7a4661766e677a53366b443259505457336533774749416b4f693753385a7a444f576b52687536484c4d7275486761316c306e3266764151782b476c593755364c534a70635a646577514a5034306e50786f536c654b4d43697932796b654d6b6c6446474b443177223b),
('mtgsv459vuvfmo5bmqp1vh81hpcvjv65', '::1', 1585416923, 0x5f5f63695f6c6173745f726567656e65726174657c693a313538353431363932333b7265646972656374696f6e7c4e3b5f5f4143544956455f53455353494f4e5f444154417c733a3235363a2239336634363765303135616236613732386264666336653130303561643636386231316234323636356337356534383836343464623438316630386238613931333533363132356634626366653235383737653637633961663264336662663538363032373362663330633732313264663162633331323364643330313666364a2b43537435354e6d4269373171617038747355514f346f7a4661766e677a53366b443259505457336533774749416b4f693753385a7a444f576b52687536484c4d7275486761316c306e3266764151782b476c593755364c534a70635a646577514a5034306e50786f536c654b4d43697932796b654d6b6c6446474b443177223b),
('9rinaiq5t109t20mj2676qft2ddplqit', '::1', 1585419929, 0x5f5f63695f6c6173745f726567656e65726174657c693a313538353431393932393b7265646972656374696f6e7c4e3b5f5f4143544956455f53455353494f4e5f444154417c733a3235363a2239336634363765303135616236613732386264666336653130303561643636386231316234323636356337356534383836343464623438316630386238613931333533363132356634626366653235383737653637633961663264336662663538363032373362663330633732313264663162633331323364643330313666364a2b43537435354e6d4269373171617038747355514f346f7a4661766e677a53366b443259505457336533774749416b4f693753385a7a444f576b52687536484c4d7275486761316c306e3266764151782b476c593755364c534a70635a646577514a5034306e50786f536c654b4d43697932796b654d6b6c6446474b443177223b),
('cnvgdng73ib55p44brkl6imqihisut29', '::1', 1585417366, 0x5f5f63695f6c6173745f726567656e65726174657c693a313538353431373336363b7265646972656374696f6e7c4e3b5f5f4143544956455f53455353494f4e5f444154417c733a3235363a22333539356232383231653963623564383766353238373434623937633832656138373662636262363234626231333565636635326664383262323237643338306337393466643237373965393161303137363066303130643432323735656330613133643931643831333939333932373738336237633861653062656364633373626931312f6f37357150386562567a69636c7963554e456b5a6a456c4e7a77796836746663697966776c47684442513533705531434b676d2f512b6d695841776d6f624d753152513071684f684b4b4c59776472776650537346447846734856384c6d746d697a5659396e6a736f464d7358744253644263485949592f396d223b),
('cbfclj5brjnntcfoimpe4n0k76vbuj2d', '::1', 1585417711, 0x5f5f63695f6c6173745f726567656e65726174657c693a313538353431373731313b7265646972656374696f6e7c4e3b5f5f4143544956455f53455353494f4e5f444154417c733a3235363a22333539356232383231653963623564383766353238373434623937633832656138373662636262363234626231333565636635326664383262323237643338306337393466643237373965393161303137363066303130643432323735656330613133643931643831333939333932373738336237633861653062656364633373626931312f6f37357150386562567a69636c7963554e456b5a6a456c4e7a77796836746663697966776c47684442513533705531434b676d2f512b6d695841776d6f624d753152513071684f684b4b4c59776472776650537346447846734856384c6d746d697a5659396e6a736f464d7358744253644263485949592f396d223b),
('371a1hknmogtarkl51v88vtsskph2o6a', '::1', 1585418029, 0x5f5f63695f6c6173745f726567656e65726174657c693a313538353431383032393b7265646972656374696f6e7c4e3b5f5f4143544956455f53455353494f4e5f444154417c733a3235363a22333539356232383231653963623564383766353238373434623937633832656138373662636262363234626231333565636635326664383262323237643338306337393466643237373965393161303137363066303130643432323735656330613133643931643831333939333932373738336237633861653062656364633373626931312f6f37357150386562567a69636c7963554e456b5a6a456c4e7a77796836746663697966776c47684442513533705531434b676d2f512b6d695841776d6f624d753152513071684f684b4b4c59776472776650537346447846734856384c6d746d697a5659396e6a736f464d7358744253644263485949592f396d223b),
('0rgisc6c75u16jc0i1on5olpnncokb3o', '::1', 1585418362, 0x5f5f63695f6c6173745f726567656e65726174657c693a313538353431383336323b7265646972656374696f6e7c4e3b5f5f4143544956455f53455353494f4e5f444154417c733a3235363a22333539356232383231653963623564383766353238373434623937633832656138373662636262363234626231333565636635326664383262323237643338306337393466643237373965393161303137363066303130643432323735656330613133643931643831333939333932373738336237633861653062656364633373626931312f6f37357150386562567a69636c7963554e456b5a6a456c4e7a77796836746663697966776c47684442513533705531434b676d2f512b6d695841776d6f624d753152513071684f684b4b4c59776472776650537346447846734856384c6d746d697a5659396e6a736f464d7358744253644263485949592f396d223b),
('7to3ii99ve43goquhbb27sm22ip6no6r', '::1', 1585419324, 0x5f5f63695f6c6173745f726567656e65726174657c693a313538353431393332343b7265646972656374696f6e7c4e3b5f5f4143544956455f53455353494f4e5f444154417c733a3235363a22333539356232383231653963623564383766353238373434623937633832656138373662636262363234626231333565636635326664383262323237643338306337393466643237373965393161303137363066303130643432323735656330613133643931643831333939333932373738336237633861653062656364633373626931312f6f37357150386562567a69636c7963554e456b5a6a456c4e7a77796836746663697966776c47684442513533705531434b676d2f512b6d695841776d6f624d753152513071684f684b4b4c59776472776650537346447846734856384c6d746d697a5659396e6a736f464d7358744253644263485949592f396d223b),
('g649sf9k6e8knk1h8he3i2pmmc3f86o8', '::1', 1585419904, 0x5f5f63695f6c6173745f726567656e65726174657c693a313538353431393930343b7265646972656374696f6e7c4e3b5f5f4143544956455f53455353494f4e5f444154417c733a3235363a22333539356232383231653963623564383766353238373434623937633832656138373662636262363234626231333565636635326664383262323237643338306337393466643237373965393161303137363066303130643432323735656330613133643931643831333939333932373738336237633861653062656364633373626931312f6f37357150386562567a69636c7963554e456b5a6a456c4e7a77796836746663697966776c47684442513533705531434b676d2f512b6d695841776d6f624d753152513071684f684b4b4c59776472776650537346447846734856384c6d746d697a5659396e6a736f464d7358744253644263485949592f396d223b),
('drvmptirgq279fl8e5b27bhl350jmn95', '::1', 1585419915, 0x5f5f63695f6c6173745f726567656e65726174657c693a313538353431393930343b7265646972656374696f6e7c4e3b5f5f4143544956455f53455353494f4e5f444154417c733a3235363a22333539356232383231653963623564383766353238373434623937633832656138373662636262363234626231333565636635326664383262323237643338306337393466643237373965393161303137363066303130643432323735656330613133643931643831333939333932373738336237633861653062656364633373626931312f6f37357150386562567a69636c7963554e456b5a6a456c4e7a77796836746663697966776c47684442513533705531434b676d2f512b6d695841776d6f624d753152513071684f684b4b4c59776472776650537346447846734856384c6d746d697a5659396e6a736f464d7358744253644263485949592f396d223b),
('3anqh8is71j6j8058h8j6hdld9fq78og', '::1', 1585419931, 0x5f5f63695f6c6173745f726567656e65726174657c693a313538353431393932393b7265646972656374696f6e7c4e3b5f5f4143544956455f53455353494f4e5f444154417c733a3235363a2239336634363765303135616236613732386264666336653130303561643636386231316234323636356337356534383836343464623438316630386238613931333533363132356634626366653235383737653637633961663264336662663538363032373362663330633732313264663162633331323364643330313666364a2b43537435354e6d4269373171617038747355514f346f7a4661766e677a53366b443259505457336533774749416b4f693753385a7a444f576b52687536484c4d7275486761316c306e3266764151782b476c593755364c534a70635a646577514a5034306e50786f536c654b4d43697932796b654d6b6c6446474b443177223b),
('blq19f6hjpklvjdnt0pjn8smlgu8oqil', '::1', 1585455594, 0x5f5f63695f6c6173745f726567656e65726174657c693a313538353435353539343b),
('vul2g11p9fsfnro4n3ner5djnsbv249k', '::1', 1585455937, 0x5f5f63695f6c6173745f726567656e65726174657c693a313538353435353933373b),
('3ot3gpuqi293p94hh76ml4raf58pppaj', '::1', 1585456270, 0x5f5f63695f6c6173745f726567656e65726174657c693a313538353435363237303b7265646972656374696f6e7c4e3b),
('mbf5bdsuhasg4goviqbte9ff7udcemul', '::1', 1585456761, 0x5f5f63695f6c6173745f726567656e65726174657c693a313538353435363736313b7265646972656374696f6e7c4e3b),
('buhi3d9r74uifh7fvtuct85t23fupa9q', '::1', 1585457325, 0x5f5f63695f6c6173745f726567656e65726174657c693a313538353435373332353b7265646972656374696f6e7c4e3b),
('cc7qcsrea3fl7uduhvit8587cvpcoc2v', '::1', 1585457743, 0x5f5f63695f6c6173745f726567656e65726174657c693a313538353435373734333b7265646972656374696f6e7c4e3b5f5f4143544956455f53455353494f4e5f444154417c733a3235363a2262633763343565346665396330316536633062393034326432633030333039623930333738663366323562633636383761336533323832346331303832656366613234356163616463666661633234316133383032306237323234636533623835356666383364666139303739613931343338663732633835383166613436387971337a422b72614d695a46394c68316e69473675462f3337394c526e544a665061724442715a424e71396a446e5547704655394f3969744f5255326775454f2b503748306f332f45794e6f557a5176736e68694c443630494e367a475565695961437a6c38497367787346765970514679474358667a585348464769433577223b),
('90ifqtpc0fgeg967qddi71u4jl59mci4', '::1', 1585458113, 0x5f5f63695f6c6173745f726567656e65726174657c693a313538353435383131333b7265646972656374696f6e7c4e3b5f5f4143544956455f53455353494f4e5f444154417c733a3235363a2262633763343565346665396330316536633062393034326432633030333039623930333738663366323562633636383761336533323832346331303832656366613234356163616463666661633234316133383032306237323234636533623835356666383364666139303739613931343338663732633835383166613436387971337a422b72614d695a46394c68316e69473675462f3337394c526e544a665061724442715a424e71396a446e5547704655394f3969744f5255326775454f2b503748306f332f45794e6f557a5176736e68694c443630494e367a475565695961437a6c38497367787346765970514679474358667a585348464769433577223b636172745f636f6e74656e74737c613a363a7b733a31303a22636172745f746f74616c223b643a3130303030303b733a31313a22746f74616c5f6974656d73223b643a353b733a33323a226161623332333839323262636332356136663630366562353235666664633536223b613a363a7b733a323a226964223b733a323a223134223b733a333a22717479223b643a313b733a353a227072696365223b643a33333030303b733a343a226e616d65223b733a31313a224361626169204d65726168223b733a353a22726f776964223b733a33323a226161623332333839323262636332356136663630366562353235666664633536223b733a383a22737562746f74616c223b643a33333030303b7d733a33323a226138376666363739613266336537316439313831613637623735343231323263223b613a363a7b733a323a226964223b733a313a2234223b733a333a22717479223b643a323b733a353a227072696365223b643a31303030303b733a343a226e616d65223b733a353a22546f6d6174223b733a353a22726f776964223b733a33323a226138376666363739613266336537316439313831613637623735343231323263223b733a383a22737562746f74616c223b643a32303030303b7d733a33323a226534646133623766626263653233343564373737326230363734613331386435223b613a363a7b733a323a226964223b733a313a2235223b733a333a22717479223b643a313b733a353a227072696365223b643a31323030303b733a343a226e616d65223b733a363a22576f7274656c223b733a353a22726f776964223b733a33323a226534646133623766626263653233343564373737326230363734613331386435223b733a383a22737562746f74616c223b643a31323030303b7d733a33323a223435633438636365326532643766626465613161666335316337633661643236223b613a363a7b733a323a226964223b733a313a2239223b733a333a22717479223b643a313b733a353a227072696365223b643a33353030303b733a343a226e616d65223b733a343a224170656c223b733a353a22726f776964223b733a33323a223435633438636365326532643766626465613161666335316337633661643236223b733a383a22737562746f74616c223b643a33353030303b7d7d),
('nsdej2nvqompe66d5mdjc5nelvpqtrdn', '::1', 1585458423, 0x5f5f63695f6c6173745f726567656e65726174657c693a313538353435383432333b7265646972656374696f6e7c4e3b5f5f4143544956455f53455353494f4e5f444154417c733a3235363a2262633763343565346665396330316536633062393034326432633030333039623930333738663366323562633636383761336533323832346331303832656366613234356163616463666661633234316133383032306237323234636533623835356666383364666139303739613931343338663732633835383166613436387971337a422b72614d695a46394c68316e69473675462f3337394c526e544a665061724442715a424e71396a446e5547704655394f3969744f5255326775454f2b503748306f332f45794e6f557a5176736e68694c443630494e367a475565695961437a6c38497367787346765970514679474358667a585348464769433577223b636172745f636f6e74656e74737c613a363a7b733a31303a22636172745f746f74616c223b643a3130303030303b733a31313a22746f74616c5f6974656d73223b643a353b733a33323a226161623332333839323262636332356136663630366562353235666664633536223b613a363a7b733a323a226964223b733a323a223134223b733a333a22717479223b643a313b733a353a227072696365223b643a33333030303b733a343a226e616d65223b733a31313a224361626169204d65726168223b733a353a22726f776964223b733a33323a226161623332333839323262636332356136663630366562353235666664633536223b733a383a22737562746f74616c223b643a33333030303b7d733a33323a226138376666363739613266336537316439313831613637623735343231323263223b613a363a7b733a323a226964223b733a313a2234223b733a333a22717479223b643a323b733a353a227072696365223b643a31303030303b733a343a226e616d65223b733a353a22546f6d6174223b733a353a22726f776964223b733a33323a226138376666363739613266336537316439313831613637623735343231323263223b733a383a22737562746f74616c223b643a32303030303b7d733a33323a226534646133623766626263653233343564373737326230363734613331386435223b613a363a7b733a323a226964223b733a313a2235223b733a333a22717479223b643a313b733a353a227072696365223b643a31323030303b733a343a226e616d65223b733a363a22576f7274656c223b733a353a22726f776964223b733a33323a226534646133623766626263653233343564373737326230363734613331386435223b733a383a22737562746f74616c223b643a31323030303b7d733a33323a223435633438636365326532643766626465613161666335316337633661643236223b613a363a7b733a323a226964223b733a313a2239223b733a333a22717479223b643a313b733a353a227072696365223b643a33353030303b733a343a226e616d65223b733a343a224170656c223b733a353a22726f776964223b733a33323a223435633438636365326532643766626465613161666335316337633661643236223b733a383a22737562746f74616c223b643a33353030303b7d7d),
('gbffm57mr95fgao9cra17sd1pgk96v6r', '::1', 1585458739, 0x5f5f63695f6c6173745f726567656e65726174657c693a313538353435383733393b7265646972656374696f6e7c4e3b5f5f4143544956455f53455353494f4e5f444154417c733a3235363a2262633763343565346665396330316536633062393034326432633030333039623930333738663366323562633636383761336533323832346331303832656366613234356163616463666661633234316133383032306237323234636533623835356666383364666139303739613931343338663732633835383166613436387971337a422b72614d695a46394c68316e69473675462f3337394c526e544a665061724442715a424e71396a446e5547704655394f3969744f5255326775454f2b503748306f332f45794e6f557a5176736e68694c443630494e367a475565695961437a6c38497367787346765970514679474358667a585348464769433577223b636172745f636f6e74656e74737c613a363a7b733a31303a22636172745f746f74616c223b643a3130303030303b733a31313a22746f74616c5f6974656d73223b643a353b733a33323a226161623332333839323262636332356136663630366562353235666664633536223b613a363a7b733a323a226964223b733a323a223134223b733a333a22717479223b643a313b733a353a227072696365223b643a33333030303b733a343a226e616d65223b733a31313a224361626169204d65726168223b733a353a22726f776964223b733a33323a226161623332333839323262636332356136663630366562353235666664633536223b733a383a22737562746f74616c223b643a33333030303b7d733a33323a226138376666363739613266336537316439313831613637623735343231323263223b613a363a7b733a323a226964223b733a313a2234223b733a333a22717479223b643a323b733a353a227072696365223b643a31303030303b733a343a226e616d65223b733a353a22546f6d6174223b733a353a22726f776964223b733a33323a226138376666363739613266336537316439313831613637623735343231323263223b733a383a22737562746f74616c223b643a32303030303b7d733a33323a226534646133623766626263653233343564373737326230363734613331386435223b613a363a7b733a323a226964223b733a313a2235223b733a333a22717479223b643a313b733a353a227072696365223b643a31323030303b733a343a226e616d65223b733a363a22576f7274656c223b733a353a22726f776964223b733a33323a226534646133623766626263653233343564373737326230363734613331386435223b733a383a22737562746f74616c223b643a31323030303b7d733a33323a223435633438636365326532643766626465613161666335316337633661643236223b613a363a7b733a323a226964223b733a313a2239223b733a333a22717479223b643a313b733a353a227072696365223b643a33353030303b733a343a226e616d65223b733a343a224170656c223b733a353a22726f776964223b733a33323a223435633438636365326532643766626465613161666335316337633661643236223b733a383a22737562746f74616c223b643a33353030303b7d7d),
('li0hbv21rplbehqtg1cg4hjp950od57d', '::1', 1585459157, 0x5f5f63695f6c6173745f726567656e65726174657c693a313538353435393135373b7265646972656374696f6e7c4e3b5f5f4143544956455f53455353494f4e5f444154417c733a3235363a2262633763343565346665396330316536633062393034326432633030333039623930333738663366323562633636383761336533323832346331303832656366613234356163616463666661633234316133383032306237323234636533623835356666383364666139303739613931343338663732633835383166613436387971337a422b72614d695a46394c68316e69473675462f3337394c526e544a665061724442715a424e71396a446e5547704655394f3969744f5255326775454f2b503748306f332f45794e6f557a5176736e68694c443630494e367a475565695961437a6c38497367787346765970514679474358667a585348464769433577223b636172745f636f6e74656e74737c613a363a7b733a31303a22636172745f746f74616c223b643a3130303030303b733a31313a22746f74616c5f6974656d73223b643a353b733a33323a226161623332333839323262636332356136663630366562353235666664633536223b613a363a7b733a323a226964223b733a323a223134223b733a333a22717479223b643a313b733a353a227072696365223b643a33333030303b733a343a226e616d65223b733a31313a224361626169204d65726168223b733a353a22726f776964223b733a33323a226161623332333839323262636332356136663630366562353235666664633536223b733a383a22737562746f74616c223b643a33333030303b7d733a33323a226138376666363739613266336537316439313831613637623735343231323263223b613a363a7b733a323a226964223b733a313a2234223b733a333a22717479223b643a323b733a353a227072696365223b643a31303030303b733a343a226e616d65223b733a353a22546f6d6174223b733a353a22726f776964223b733a33323a226138376666363739613266336537316439313831613637623735343231323263223b733a383a22737562746f74616c223b643a32303030303b7d733a33323a226534646133623766626263653233343564373737326230363734613331386435223b613a363a7b733a323a226964223b733a313a2235223b733a333a22717479223b643a313b733a353a227072696365223b643a31323030303b733a343a226e616d65223b733a363a22576f7274656c223b733a353a22726f776964223b733a33323a226534646133623766626263653233343564373737326230363734613331386435223b733a383a22737562746f74616c223b643a31323030303b7d733a33323a223435633438636365326532643766626465613161666335316337633661643236223b613a363a7b733a323a226964223b733a313a2239223b733a333a22717479223b643a313b733a353a227072696365223b643a33353030303b733a343a226e616d65223b733a343a224170656c223b733a353a22726f776964223b733a33323a223435633438636365326532643766626465613161666335316337633661643236223b733a383a22737562746f74616c223b643a33353030303b7d7d),
('ecuifalr80rebi5dgml7igrt3q6rp6ct', '::1', 1585459648, 0x5f5f63695f6c6173745f726567656e65726174657c693a313538353435393634383b7265646972656374696f6e7c4e3b5f5f4143544956455f53455353494f4e5f444154417c733a3235363a2262633763343565346665396330316536633062393034326432633030333039623930333738663366323562633636383761336533323832346331303832656366613234356163616463666661633234316133383032306237323234636533623835356666383364666139303739613931343338663732633835383166613436387971337a422b72614d695a46394c68316e69473675462f3337394c526e544a665061724442715a424e71396a446e5547704655394f3969744f5255326775454f2b503748306f332f45794e6f557a5176736e68694c443630494e367a475565695961437a6c38497367787346765970514679474358667a585348464769433577223b636172745f636f6e74656e74737c613a363a7b733a31303a22636172745f746f74616c223b643a3130303030303b733a31313a22746f74616c5f6974656d73223b643a353b733a33323a226161623332333839323262636332356136663630366562353235666664633536223b613a363a7b733a323a226964223b733a323a223134223b733a333a22717479223b643a313b733a353a227072696365223b643a33333030303b733a343a226e616d65223b733a31313a224361626169204d65726168223b733a353a22726f776964223b733a33323a226161623332333839323262636332356136663630366562353235666664633536223b733a383a22737562746f74616c223b643a33333030303b7d733a33323a226138376666363739613266336537316439313831613637623735343231323263223b613a363a7b733a323a226964223b733a313a2234223b733a333a22717479223b643a323b733a353a227072696365223b643a31303030303b733a343a226e616d65223b733a353a22546f6d6174223b733a353a22726f776964223b733a33323a226138376666363739613266336537316439313831613637623735343231323263223b733a383a22737562746f74616c223b643a32303030303b7d733a33323a226534646133623766626263653233343564373737326230363734613331386435223b613a363a7b733a323a226964223b733a313a2235223b733a333a22717479223b643a313b733a353a227072696365223b643a31323030303b733a343a226e616d65223b733a363a22576f7274656c223b733a353a22726f776964223b733a33323a226534646133623766626263653233343564373737326230363734613331386435223b733a383a22737562746f74616c223b643a31323030303b7d733a33323a223435633438636365326532643766626465613161666335316337633661643236223b613a363a7b733a323a226964223b733a313a2239223b733a333a22717479223b643a313b733a353a227072696365223b643a33353030303b733a343a226e616d65223b733a343a224170656c223b733a353a22726f776964223b733a33323a223435633438636365326532643766626465613161666335316337633661643236223b733a383a22737562746f74616c223b643a33353030303b7d7d),
('78c02krmlc82p9qfcv8vde6osd29euvh', '::1', 1585460129, 0x5f5f63695f6c6173745f726567656e65726174657c693a313538353436303132393b7265646972656374696f6e7c4e3b5f5f4143544956455f53455353494f4e5f444154417c733a3235363a2262633763343565346665396330316536633062393034326432633030333039623930333738663366323562633636383761336533323832346331303832656366613234356163616463666661633234316133383032306237323234636533623835356666383364666139303739613931343338663732633835383166613436387971337a422b72614d695a46394c68316e69473675462f3337394c526e544a665061724442715a424e71396a446e5547704655394f3969744f5255326775454f2b503748306f332f45794e6f557a5176736e68694c443630494e367a475565695961437a6c38497367787346765970514679474358667a585348464769433577223b636172745f636f6e74656e74737c613a363a7b733a31303a22636172745f746f74616c223b643a3130303030303b733a31313a22746f74616c5f6974656d73223b643a353b733a33323a226161623332333839323262636332356136663630366562353235666664633536223b613a363a7b733a323a226964223b733a323a223134223b733a333a22717479223b643a313b733a353a227072696365223b643a33333030303b733a343a226e616d65223b733a31313a224361626169204d65726168223b733a353a22726f776964223b733a33323a226161623332333839323262636332356136663630366562353235666664633536223b733a383a22737562746f74616c223b643a33333030303b7d733a33323a226138376666363739613266336537316439313831613637623735343231323263223b613a363a7b733a323a226964223b733a313a2234223b733a333a22717479223b643a323b733a353a227072696365223b643a31303030303b733a343a226e616d65223b733a353a22546f6d6174223b733a353a22726f776964223b733a33323a226138376666363739613266336537316439313831613637623735343231323263223b733a383a22737562746f74616c223b643a32303030303b7d733a33323a226534646133623766626263653233343564373737326230363734613331386435223b613a363a7b733a323a226964223b733a313a2235223b733a333a22717479223b643a313b733a353a227072696365223b643a31323030303b733a343a226e616d65223b733a363a22576f7274656c223b733a353a22726f776964223b733a33323a226534646133623766626263653233343564373737326230363734613331386435223b733a383a22737562746f74616c223b643a31323030303b7d733a33323a223435633438636365326532643766626465613161666335316337633661643236223b613a363a7b733a323a226964223b733a313a2239223b733a333a22717479223b643a313b733a353a227072696365223b643a33353030303b733a343a226e616d65223b733a343a224170656c223b733a353a22726f776964223b733a33323a223435633438636365326532643766626465613161666335316337633661643236223b733a383a22737562746f74616c223b643a33353030303b7d7d),
('5omh6ddfto5h9nd8f0q6qo70o8801hdi', '::1', 1585460493, 0x5f5f63695f6c6173745f726567656e65726174657c693a313538353436303439333b7265646972656374696f6e7c4e3b5f5f4143544956455f53455353494f4e5f444154417c733a3235363a2262633763343565346665396330316536633062393034326432633030333039623930333738663366323562633636383761336533323832346331303832656366613234356163616463666661633234316133383032306237323234636533623835356666383364666139303739613931343338663732633835383166613436387971337a422b72614d695a46394c68316e69473675462f3337394c526e544a665061724442715a424e71396a446e5547704655394f3969744f5255326775454f2b503748306f332f45794e6f557a5176736e68694c443630494e367a475565695961437a6c38497367787346765970514679474358667a585348464769433577223b636172745f636f6e74656e74737c613a363a7b733a31303a22636172745f746f74616c223b643a3130303030303b733a31313a22746f74616c5f6974656d73223b643a353b733a33323a226161623332333839323262636332356136663630366562353235666664633536223b613a363a7b733a323a226964223b733a323a223134223b733a333a22717479223b643a313b733a353a227072696365223b643a33333030303b733a343a226e616d65223b733a31313a224361626169204d65726168223b733a353a22726f776964223b733a33323a226161623332333839323262636332356136663630366562353235666664633536223b733a383a22737562746f74616c223b643a33333030303b7d733a33323a226138376666363739613266336537316439313831613637623735343231323263223b613a363a7b733a323a226964223b733a313a2234223b733a333a22717479223b643a323b733a353a227072696365223b643a31303030303b733a343a226e616d65223b733a353a22546f6d6174223b733a353a22726f776964223b733a33323a226138376666363739613266336537316439313831613637623735343231323263223b733a383a22737562746f74616c223b643a32303030303b7d733a33323a226534646133623766626263653233343564373737326230363734613331386435223b613a363a7b733a323a226964223b733a313a2235223b733a333a22717479223b643a313b733a353a227072696365223b643a31323030303b733a343a226e616d65223b733a363a22576f7274656c223b733a353a22726f776964223b733a33323a226534646133623766626263653233343564373737326230363734613331386435223b733a383a22737562746f74616c223b643a31323030303b7d733a33323a223435633438636365326532643766626465613161666335316337633661643236223b613a363a7b733a323a226964223b733a313a2239223b733a333a22717479223b643a313b733a353a227072696365223b643a33353030303b733a343a226e616d65223b733a343a224170656c223b733a353a22726f776964223b733a33323a223435633438636365326532643766626465613161666335316337633661643236223b733a383a22737562746f74616c223b643a33353030303b7d7d),
('hjhfbia8mkqpku767nivg7vm6ssi230s', '::1', 1585461901, 0x5f5f63695f6c6173745f726567656e65726174657c693a313538353436313930313b7265646972656374696f6e7c4e3b5f5f4143544956455f53455353494f4e5f444154417c733a3235363a2262633763343565346665396330316536633062393034326432633030333039623930333738663366323562633636383761336533323832346331303832656366613234356163616463666661633234316133383032306237323234636533623835356666383364666139303739613931343338663732633835383166613436387971337a422b72614d695a46394c68316e69473675462f3337394c526e544a665061724442715a424e71396a446e5547704655394f3969744f5255326775454f2b503748306f332f45794e6f557a5176736e68694c443630494e367a475565695961437a6c38497367787346765970514679474358667a585348464769433577223b),
('milff9f396a38k8od53vgufqp3a4bub7', '::1', 1585461606, 0x5f5f63695f6c6173745f726567656e65726174657c693a313538353436313630363b7265646972656374696f6e7c4e3b5f5f4143544956455f53455353494f4e5f444154417c733a3235363a2232393963623263396562643638346636323666323933623066623435336138313630626330396363663236326666346266366236313435666133336433336634643737663933633930623031326334623561633932643165343233373936333865313936306236663964393236336330653564666332623233663539653262646e524f3851734144414f73454c5777482b357653715854476b54634772636e527238577657526d5871716f7165314d546b74736a6a7078306d6a61377a33784c5274667274564b714a4f676352437a68646e374654536731576e47325a4843546a695a314d35467a6154677859656136625274396b6d4c76717a674e614f4731223b),
('vgrj3tnm5c7qj09g0me0dfg8gs0djvas', '::1', 1585461982, 0x5f5f63695f6c6173745f726567656e65726174657c693a313538353436313938323b7265646972656374696f6e7c4e3b5f5f4143544956455f53455353494f4e5f444154417c733a3235363a2232393963623263396562643638346636323666323933623066623435336138313630626330396363663236326666346266366236313435666133336433336634643737663933633930623031326334623561633932643165343233373936333865313936306236663964393236336330653564666332623233663539653262646e524f3851734144414f73454c5777482b357653715854476b54634772636e527238577657526d5871716f7165314d546b74736a6a7078306d6a61377a33784c5274667274564b714a4f676352437a68646e374654536731576e47325a4843546a695a314d35467a6154677859656136625274396b6d4c76717a674e614f4731223b),
('6rtetun94a9kgq5c3m9pt1eeuk78h761', '::1', 1585462202, 0x5f5f63695f6c6173745f726567656e65726174657c693a313538353436323230323b7265646972656374696f6e7c4e3b),
('s0h44ufes3b927pesr8fniudqtub0j20', '::1', 1585462351, 0x5f5f63695f6c6173745f726567656e65726174657c693a313538353436323335313b7265646972656374696f6e7c4e3b5f5f4143544956455f53455353494f4e5f444154417c733a3235363a2232393963623263396562643638346636323666323933623066623435336138313630626330396363663236326666346266366236313435666133336433336634643737663933633930623031326334623561633932643165343233373936333865313936306236663964393236336330653564666332623233663539653262646e524f3851734144414f73454c5777482b357653715854476b54634772636e527238577657526d5871716f7165314d546b74736a6a7078306d6a61377a33784c5274667274564b714a4f676352437a68646e374654536731576e47325a4843546a695a314d35467a6154677859656136625274396b6d4c76717a674e614f4731223b),
('9tuulm7ao860pqre5io5arl2envveao9', '::1', 1585462505, 0x5f5f63695f6c6173745f726567656e65726174657c693a313538353436323530353b7265646972656374696f6e7c4e3b5f5f4143544956455f53455353494f4e5f444154417c733a3235363a22323534616530663966613732396164623064643130333566366236306263333234373139353435363164303736333337346561343830633162363762663636636539383138376638643038343435626638323061363466613338663566353862373331313631623738616563306161326433623366663261323963633164363543622f4563627839346d4c692f57552b6e526978705270624d4c4852702f477845384f38757541336d4a4f4e6f3464317545346e7665766d4f725469384e484e4a473645333459473452665a7473387245614d595a2f7a732b32415756454541726534776f67514444705076784551746e333034714f4d756f76575133485753223b636172745f636f6e74656e74737c613a333a7b733a31303a22636172745f746f74616c223b643a33353030303b733a31313a22746f74616c5f6974656d73223b643a313b733a33323a223435633438636365326532643766626465613161666335316337633661643236223b613a363a7b733a323a226964223b733a313a2239223b733a333a22717479223b643a313b733a353a227072696365223b643a33353030303b733a343a226e616d65223b733a343a224170656c223b733a353a22726f776964223b733a33323a223435633438636365326532643766626465613161666335316337633661643236223b733a383a22737562746f74616c223b643a33353030303b7d7d),
('gmnrgsmkrt6mr8hn7bb5tsu9qa1kuchm', '::1', 1585462717, 0x5f5f63695f6c6173745f726567656e65726174657c693a313538353436323731373b7265646972656374696f6e7c4e3b5f5f4143544956455f53455353494f4e5f444154417c733a3235363a2232393963623263396562643638346636323666323933623066623435336138313630626330396363663236326666346266366236313435666133336433336634643737663933633930623031326334623561633932643165343233373936333865313936306236663964393236336330653564666332623233663539653262646e524f3851734144414f73454c5777482b357653715854476b54634772636e527238577657526d5871716f7165314d546b74736a6a7078306d6a61377a33784c5274667274564b714a4f676352437a68646e374654536731576e47325a4843546a695a314d35467a6154677859656136625274396b6d4c76717a674e614f4731223b),
('7meat9569rt3l6c70tsobn46se4sh3b0', '::1', 1585462808, 0x5f5f63695f6c6173745f726567656e65726174657c693a313538353436323830383b7265646972656374696f6e7c4e3b5f5f4143544956455f53455353494f4e5f444154417c733a3235363a22323534616530663966613732396164623064643130333566366236306263333234373139353435363164303736333337346561343830633162363762663636636539383138376638643038343435626638323061363466613338663566353862373331313631623738616563306161326433623366663261323963633164363543622f4563627839346d4c692f57552b6e526978705270624d4c4852702f477845384f38757541336d4a4f4e6f3464317545346e7665766d4f725469384e484e4a473645333459473452665a7473387245614d595a2f7a732b32415756454541726534776f67514444705076784551746e333034714f4d756f76575133485753223b),
('okp26hcbhp8arvt52q5scr6n4snb09mo', '::1', 1585463053, 0x5f5f63695f6c6173745f726567656e65726174657c693a313538353436333035333b7265646972656374696f6e7c4e3b5f5f4143544956455f53455353494f4e5f444154417c733a3235363a2232393963623263396562643638346636323666323933623066623435336138313630626330396363663236326666346266366236313435666133336433336634643737663933633930623031326334623561633932643165343233373936333865313936306236663964393236336330653564666332623233663539653262646e524f3851734144414f73454c5777482b357653715854476b54634772636e527238577657526d5871716f7165314d546b74736a6a7078306d6a61377a33784c5274667274564b714a4f676352437a68646e374654536731576e47325a4843546a695a314d35467a6154677859656136625274396b6d4c76717a674e614f4731223b),
('40a2aqabpalm1nb6hmj7c03tudbj3co1', '::1', 1585462840, 0x5f5f63695f6c6173745f726567656e65726174657c693a313538353436323830383b7265646972656374696f6e7c4e3b5f5f4143544956455f53455353494f4e5f444154417c733a3235363a22323534616530663966613732396164623064643130333566366236306263333234373139353435363164303736333337346561343830633162363762663636636539383138376638643038343435626638323061363466613338663566353862373331313631623738616563306161326433623366663261323963633164363543622f4563627839346d4c692f57552b6e526978705270624d4c4852702f477845384f38757541336d4a4f4e6f3464317545346e7665766d4f725469384e484e4a473645333459473452665a7473387245614d595a2f7a732b32415756454541726534776f67514444705076784551746e333034714f4d756f76575133485753223b7061796d656e745f666c6173687c733a37393a224b6f6e6669726d61736920626572686173696c2064696c616b756b616e2e2041646d696e20616b616e206d656d7665726966696b6173696e79612064616c616d2077616b74752031783234206a616d223b5f5f63695f766172737c613a313a7b733a31333a227061796d656e745f666c617368223b733a333a226f6c64223b7d),
('8gr3ai2qs7fic2614p3h3tb1o00ur2ko', '::1', 1585463383, 0x5f5f63695f6c6173745f726567656e65726174657c693a313538353436333338333b7265646972656374696f6e7c4e3b5f5f4143544956455f53455353494f4e5f444154417c733a3235363a2232393963623263396562643638346636323666323933623066623435336138313630626330396363663236326666346266366236313435666133336433336634643737663933633930623031326334623561633932643165343233373936333865313936306236663964393236336330653564666332623233663539653262646e524f3851734144414f73454c5777482b357653715854476b54634772636e527238577657526d5871716f7165314d546b74736a6a7078306d6a61377a33784c5274667274564b714a4f676352437a68646e374654536731576e47325a4843546a695a314d35467a6154677859656136625274396b6d4c76717a674e614f4731223b),
('veqeaj04mvp9qc08fdc8q2p6mu54bc9f', '::1', 1585463791, 0x5f5f63695f6c6173745f726567656e65726174657c693a313538353436333739313b7265646972656374696f6e7c4e3b5f5f4143544956455f53455353494f4e5f444154417c733a3235363a2232393963623263396562643638346636323666323933623066623435336138313630626330396363663236326666346266366236313435666133336433336634643737663933633930623031326334623561633932643165343233373936333865313936306236663964393236336330653564666332623233663539653262646e524f3851734144414f73454c5777482b357653715854476b54634772636e527238577657526d5871716f7165314d546b74736a6a7078306d6a61377a33784c5274667274564b714a4f676352437a68646e374654536731576e47325a4843546a695a314d35467a6154677859656136625274396b6d4c76717a674e614f4731223b),
('leq2hss54ui2m59bc0jaj2sg6osqe8de', '::1', 1585464249, 0x5f5f63695f6c6173745f726567656e65726174657c693a313538353436343234393b7265646972656374696f6e7c4e3b5f5f4143544956455f53455353494f4e5f444154417c733a3235363a2232393963623263396562643638346636323666323933623066623435336138313630626330396363663236326666346266366236313435666133336433336634643737663933633930623031326334623561633932643165343233373936333865313936306236663964393236336330653564666332623233663539653262646e524f3851734144414f73454c5777482b357653715854476b54634772636e527238577657526d5871716f7165314d546b74736a6a7078306d6a61377a33784c5274667274564b714a4f676352437a68646e374654536731576e47325a4843546a695a314d35467a6154677859656136625274396b6d4c76717a674e614f4731223b),
('m5g7af5a6dm9g19ijrd3p0pc1hpmb7a0', '::1', 1585464612, 0x5f5f63695f6c6173745f726567656e65726174657c693a313538353436343631323b7265646972656374696f6e7c4e3b5f5f4143544956455f53455353494f4e5f444154417c733a3235363a2232393963623263396562643638346636323666323933623066623435336138313630626330396363663236326666346266366236313435666133336433336634643737663933633930623031326334623561633932643165343233373936333865313936306236663964393236336330653564666332623233663539653262646e524f3851734144414f73454c5777482b357653715854476b54634772636e527238577657526d5871716f7165314d546b74736a6a7078306d6a61377a33784c5274667274564b714a4f676352437a68646e374654536731576e47325a4843546a695a314d35467a6154677859656136625274396b6d4c76717a674e614f4731223b),
('jle4c2213nuc1kq07ga6h077gchrpr2i', '::1', 1585465716, 0x5f5f63695f6c6173745f726567656e65726174657c693a313538353436353731363b7265646972656374696f6e7c4e3b5f5f4143544956455f53455353494f4e5f444154417c733a3235363a2232393963623263396562643638346636323666323933623066623435336138313630626330396363663236326666346266366236313435666133336433336634643737663933633930623031326334623561633932643165343233373936333865313936306236663964393236336330653564666332623233663539653262646e524f3851734144414f73454c5777482b357653715854476b54634772636e527238577657526d5871716f7165314d546b74736a6a7078306d6a61377a33784c5274667274564b714a4f676352437a68646e374654536731576e47325a4843546a695a314d35467a6154677859656136625274396b6d4c76717a674e614f4731223b),
('ftfasndkdctnuhtcbip58e89bt435l2e', '::1', 1585466087, 0x5f5f63695f6c6173745f726567656e65726174657c693a313538353436363038373b7265646972656374696f6e7c4e3b5f5f4143544956455f53455353494f4e5f444154417c733a3235363a2232393963623263396562643638346636323666323933623066623435336138313630626330396363663236326666346266366236313435666133336433336634643737663933633930623031326334623561633932643165343233373936333865313936306236663964393236336330653564666332623233663539653262646e524f3851734144414f73454c5777482b357653715854476b54634772636e527238577657526d5871716f7165314d546b74736a6a7078306d6a61377a33784c5274667274564b714a4f676352437a68646e374654536731576e47325a4843546a695a314d35467a6154677859656136625274396b6d4c76717a674e614f4731223b),
('55tkvavjfge0pmibd3utit3mm8a7h52a', '::1', 1585466390, 0x5f5f63695f6c6173745f726567656e65726174657c693a313538353436363339303b7265646972656374696f6e7c4e3b5f5f4143544956455f53455353494f4e5f444154417c733a3235363a2232393963623263396562643638346636323666323933623066623435336138313630626330396363663236326666346266366236313435666133336433336634643737663933633930623031326334623561633932643165343233373936333865313936306236663964393236336330653564666332623233663539653262646e524f3851734144414f73454c5777482b357653715854476b54634772636e527238577657526d5871716f7165314d546b74736a6a7078306d6a61377a33784c5274667274564b714a4f676352437a68646e374654536731576e47325a4843546a695a314d35467a6154677859656136625274396b6d4c76717a674e614f4731223b),
('5n71rop61svm0n9669auomktulfcha0f', '::1', 1585466727, 0x5f5f63695f6c6173745f726567656e65726174657c693a313538353436363732373b7265646972656374696f6e7c4e3b5f5f4143544956455f53455353494f4e5f444154417c733a3235363a2232393963623263396562643638346636323666323933623066623435336138313630626330396363663236326666346266366236313435666133336433336634643737663933633930623031326334623561633932643165343233373936333865313936306236663964393236336330653564666332623233663539653262646e524f3851734144414f73454c5777482b357653715854476b54634772636e527238577657526d5871716f7165314d546b74736a6a7078306d6a61377a33784c5274667274564b714a4f676352437a68646e374654536731576e47325a4843546a695a314d35467a6154677859656136625274396b6d4c76717a674e614f4731223b),
('ckmcg0mqubo2kb0ju8is2r8459cf107f', '::1', 1585467043, 0x5f5f63695f6c6173745f726567656e65726174657c693a313538353436373034333b7265646972656374696f6e7c4e3b5f5f4143544956455f53455353494f4e5f444154417c733a3235363a2232393963623263396562643638346636323666323933623066623435336138313630626330396363663236326666346266366236313435666133336433336634643737663933633930623031326334623561633932643165343233373936333865313936306236663964393236336330653564666332623233663539653262646e524f3851734144414f73454c5777482b357653715854476b54634772636e527238577657526d5871716f7165314d546b74736a6a7078306d6a61377a33784c5274667274564b714a4f676352437a68646e374654536731576e47325a4843546a695a314d35467a6154677859656136625274396b6d4c76717a674e614f4731223b),
('8hkb11ovr89nm7sqalblcq8ootvjo371', '::1', 1585467577, 0x5f5f63695f6c6173745f726567656e65726174657c693a313538353436373537373b7265646972656374696f6e7c4e3b5f5f4143544956455f53455353494f4e5f444154417c733a3235363a2232393963623263396562643638346636323666323933623066623435336138313630626330396363663236326666346266366236313435666133336433336634643737663933633930623031326334623561633932643165343233373936333865313936306236663964393236336330653564666332623233663539653262646e524f3851734144414f73454c5777482b357653715854476b54634772636e527238577657526d5871716f7165314d546b74736a6a7078306d6a61377a33784c5274667274564b714a4f676352437a68646e374654536731576e47325a4843546a695a314d35467a6154677859656136625274396b6d4c76717a674e614f4731223b),
('u26sgulsr200pd0lmu32m8721mjshm7g', '::1', 1585467878, 0x5f5f63695f6c6173745f726567656e65726174657c693a313538353436373837383b7265646972656374696f6e7c4e3b5f5f4143544956455f53455353494f4e5f444154417c733a3235363a2232393963623263396562643638346636323666323933623066623435336138313630626330396363663236326666346266366236313435666133336433336634643737663933633930623031326334623561633932643165343233373936333865313936306236663964393236336330653564666332623233663539653262646e524f3851734144414f73454c5777482b357653715854476b54634772636e527238577657526d5871716f7165314d546b74736a6a7078306d6a61377a33784c5274667274564b714a4f676352437a68646e374654536731576e47325a4843546a695a314d35467a6154677859656136625274396b6d4c76717a674e614f4731223b636172745f636f6e74656e74737c613a333a7b733a31303a22636172745f746f74616c223b643a31323030303b733a31313a22746f74616c5f6974656d73223b643a313b733a33323a226433643934343638303261343432353937353564333865366431363365383230223b613a363a7b733a323a226964223b733a323a223130223b733a333a22717479223b643a313b733a353a227072696365223b643a31323030303b733a343a226e616d65223b733a31323a22426177616e67204d65726168223b733a353a22726f776964223b733a33323a226433643934343638303261343432353937353564333865366431363365383230223b733a383a22737562746f74616c223b643a31323030303b7d7d);
INSERT INTO `ci_sessions` (`id`, `ip_address`, `timestamp`, `data`) VALUES
('bouq3t0jrmlpcieknt36np5f2o45ici7', '::1', 1585467879, 0x5f5f63695f6c6173745f726567656e65726174657c693a313538353436373837383b7265646972656374696f6e7c4e3b5f5f4143544956455f53455353494f4e5f444154417c733a3235363a2232393963623263396562643638346636323666323933623066623435336138313630626330396363663236326666346266366236313435666133336433336634643737663933633930623031326334623561633932643165343233373936333865313936306236663964393236336330653564666332623233663539653262646e524f3851734144414f73454c5777482b357653715854476b54634772636e527238577657526d5871716f7165314d546b74736a6a7078306d6a61377a33784c5274667274564b714a4f676352437a68646e374654536731576e47325a4843546a695a314d35467a6154677859656136625274396b6d4c76717a674e614f4731223b636172745f636f6e74656e74737c613a333a7b733a31303a22636172745f746f74616c223b643a31323030303b733a31313a22746f74616c5f6974656d73223b643a313b733a33323a226433643934343638303261343432353937353564333865366431363365383230223b613a363a7b733a323a226964223b733a323a223130223b733a333a22717479223b643a313b733a353a227072696365223b643a31323030303b733a343a226e616d65223b733a31323a22426177616e67204d65726168223b733a353a22726f776964223b733a33323a226433643934343638303261343432353937353564333865366431363365383230223b733a383a22737562746f74616c223b643a31323030303b7d7d),
('8d1dum36hus7devs697n3s3k6rpgsmgg', '::1', 1585471455, 0x5f5f63695f6c6173745f726567656e65726174657c693a313538353437313338383b),
('pp4vp3k258h2nvhkn0s431l3n8vosaub', '127.0.0.1', 1585482469, 0x5f5f63695f6c6173745f726567656e65726174657c693a313538353438323436393b636172745f636f6e74656e74737c613a353a7b733a31303a22636172745f746f74616c223b643a38303030303b733a31313a22746f74616c5f6974656d73223b643a333b733a33323a226161623332333839323262636332356136663630366562353235666664633536223b613a363a7b733a323a226964223b733a323a223134223b733a333a22717479223b643a313b733a353a227072696365223b643a33333030303b733a343a226e616d65223b733a31313a224361626169204d65726168223b733a353a22726f776964223b733a33323a226161623332333839323262636332356136663630366562353235666664633536223b733a383a22737562746f74616c223b643a33333030303b7d733a33323a223435633438636365326532643766626465613161666335316337633661643236223b613a363a7b733a323a226964223b733a313a2239223b733a333a22717479223b643a313b733a353a227072696365223b643a33353030303b733a343a226e616d65223b733a343a224170656c223b733a353a22726f776964223b733a33323a223435633438636365326532643766626465613161666335316337633661643236223b733a383a22737562746f74616c223b643a33353030303b7d733a33323a226433643934343638303261343432353937353564333865366431363365383230223b613a363a7b733a323a226964223b733a323a223130223b733a333a22717479223b643a313b733a353a227072696365223b643a31323030303b733a343a226e616d65223b733a31323a22426177616e67204d65726168223b733a353a22726f776964223b733a33323a226433643934343638303261343432353937353564333865366431363365383230223b733a383a22737562746f74616c223b643a31323030303b7d7d),
('bg9fv2qeun2p11ihr7sdj4bpftgmab5e', '127.0.0.1', 1585482504, 0x5f5f63695f6c6173745f726567656e65726174657c693a313538353438323436393b636172745f636f6e74656e74737c613a353a7b733a31303a22636172745f746f74616c223b643a38303030303b733a31313a22746f74616c5f6974656d73223b643a333b733a33323a226161623332333839323262636332356136663630366562353235666664633536223b613a363a7b733a323a226964223b733a323a223134223b733a333a22717479223b643a313b733a353a227072696365223b643a33333030303b733a343a226e616d65223b733a31313a224361626169204d65726168223b733a353a22726f776964223b733a33323a226161623332333839323262636332356136663630366562353235666664633536223b733a383a22737562746f74616c223b643a33333030303b7d733a33323a223435633438636365326532643766626465613161666335316337633661643236223b613a363a7b733a323a226964223b733a313a2239223b733a333a22717479223b643a313b733a353a227072696365223b643a33353030303b733a343a226e616d65223b733a343a224170656c223b733a353a22726f776964223b733a33323a223435633438636365326532643766626465613161666335316337633661643236223b733a383a22737562746f74616c223b643a33353030303b7d733a33323a226433643934343638303261343432353937353564333865366431363365383230223b613a363a7b733a323a226964223b733a323a223130223b733a333a22717479223b643a313b733a353a227072696365223b643a31323030303b733a343a226e616d65223b733a31323a22426177616e67204d65726168223b733a353a22726f776964223b733a33323a226433643934343638303261343432353937353564333865366431363365383230223b733a383a22737562746f74616c223b643a31323030303b7d7d7265646972656374696f6e7c4e3b5f5f4143544956455f53455353494f4e5f444154417c733a3235363a22626664313030636235356365643738623364656536653062303064306664393638343536366635636339373831336563643139636536383031323963646463623036646666343764646337663138386139303963346537383266326434333336326131326535623036373063303733323265376432336435623038653764663647562b4661544347554a354c7059734e6249446e4e4e464e6f76736a62586e4e752f544d6571556970304532702b616d4f5275552b6944624a5756657479564879454f4963447a65656344594f436c36764e304865496e486773643249365a5655365059735470493538574a414858397351472b344c53716e317349416f3075223b),
('sb1f9bndckdaugfi2rrp3lbrcfui8hev', '::1', 1585537740, 0x5f5f63695f6c6173745f726567656e65726174657c693a313538353533373734303b),
('603sj3qratuqbh353ivaafan2vgsq8p5', '::1', 1585538534, 0x5f5f63695f6c6173745f726567656e65726174657c693a313538353533383533343b7265646972656374696f6e7c4e3b5f5f4143544956455f53455353494f4e5f444154417c733a3235363a22383737333661376231666266313433366363323734326236306539343830306666616166646534653465323631373165393738383632643539306264326334646266626233383965363737373264313132643733663433613838383335646561656663396262333665333833653731653163346266316336343339383838626678622b4d304f53375876784e586f74416e373765714a44315a4c496c366d54794942685133797274426a6776637a36366751626979306667425369524639576b2b46397957554d38594f427244686b66575233517951314131474a675665704b6152596d794e6e462b6d726d457a67764533546d7961657a6a55616c554c7538223b),
('59vrit7e62jr3v1a43j8m2ma5l7n5mmp', '::1', 1585538868, 0x5f5f63695f6c6173745f726567656e65726174657c693a313538353533383836383b7265646972656374696f6e7c4e3b5f5f4143544956455f53455353494f4e5f444154417c733a3235363a22383737333661376231666266313433366363323734326236306539343830306666616166646534653465323631373165393738383632643539306264326334646266626233383965363737373264313132643733663433613838383335646561656663396262333665333833653731653163346266316336343339383838626678622b4d304f53375876784e586f74416e373765714a44315a4c496c366d54794942685133797274426a6776637a36366751626979306667425369524639576b2b46397957554d38594f427244686b66575233517951314131474a675665704b6152596d794e6e462b6d726d457a67764533546d7961657a6a55616c554c7538223b),
('f4pci4jg3odgcjskqq6vu2il9pb95vs0', '::1', 1585540513, 0x5f5f63695f6c6173745f726567656e65726174657c693a313538353534303531333b7265646972656374696f6e7c4e3b5f5f4143544956455f53455353494f4e5f444154417c733a3235363a22383737333661376231666266313433366363323734326236306539343830306666616166646534653465323631373165393738383632643539306264326334646266626233383965363737373264313132643733663433613838383335646561656663396262333665333833653731653163346266316336343339383838626678622b4d304f53375876784e586f74416e373765714a44315a4c496c366d54794942685133797274426a6776637a36366751626979306667425369524639576b2b46397957554d38594f427244686b66575233517951314131474a675665704b6152596d794e6e462b6d726d457a67764533546d7961657a6a55616c554c7538223b),
('snfbp8bmghjdp0o1efujagg71am3fqdg', '::1', 1585541212, 0x5f5f63695f6c6173745f726567656e65726174657c693a313538353534313231323b7265646972656374696f6e7c4e3b5f5f4143544956455f53455353494f4e5f444154417c733a3235363a22383737333661376231666266313433366363323734326236306539343830306666616166646534653465323631373165393738383632643539306264326334646266626233383965363737373264313132643733663433613838383335646561656663396262333665333833653731653163346266316336343339383838626678622b4d304f53375876784e586f74416e373765714a44315a4c496c366d54794942685133797274426a6776637a36366751626979306667425369524639576b2b46397957554d38594f427244686b66575233517951314131474a675665704b6152596d794e6e462b6d726d457a67764533546d7961657a6a55616c554c7538223b73657474696e67735f666c6173687c733a32363a2250726f66696c20626572686173696c2064697065726261727569223b5f5f63695f766172737c613a313a7b733a31343a2273657474696e67735f666c617368223b733a333a226f6c64223b7d),
('gtljf748k9518rntiuq87ijbdqgl57u4', '::1', 1585546599, 0x5f5f63695f6c6173745f726567656e65726174657c693a313538353534363539393b7265646972656374696f6e7c4e3b5f5f4143544956455f53455353494f4e5f444154417c733a3235363a22383737333661376231666266313433366363323734326236306539343830306666616166646534653465323631373165393738383632643539306264326334646266626233383965363737373264313132643733663433613838383335646561656663396262333665333833653731653163346266316336343339383838626678622b4d304f53375876784e586f74416e373765714a44315a4c496c366d54794942685133797274426a6776637a36366751626979306667425369524639576b2b46397957554d38594f427244686b66575233517951314131474a675665704b6152596d794e6e462b6d726d457a67764533546d7961657a6a55616c554c7538223b),
('llqalgg8ln98roddphh53pkr7maserkd', '::1', 1585543596, 0x5f5f63695f6c6173745f726567656e65726174657c693a313538353534333539363b7265646972656374696f6e7c4e3b5f5f4143544956455f53455353494f4e5f444154417c733a3235363a2264323266326463353234643239633531636561393036666261663634663530663833373939353963346336353633373266316532643130633438613833623230396363643737643938366466316334333163373865303138343634376332613031623239623330343835316638306134373139343836633965616338613137626d736a66364a6c6b78576e433664395374553163366a683854534b67525971383065735a2f79424969722b664a475a2f5a74456762694d314e56483763466f364a5371637a5449586b2b566964497747522b596b3342306a45436d75334243497a6b584f54795a4866464a746a63344b4446316373585a713958305663507a71223b),
('8rdl2ho2oc697sqs111oc6rvdaktu210', '::1', 1585543905, 0x5f5f63695f6c6173745f726567656e65726174657c693a313538353534333930353b7265646972656374696f6e7c4e3b5f5f4143544956455f53455353494f4e5f444154417c733a3235363a2264323266326463353234643239633531636561393036666261663634663530663833373939353963346336353633373266316532643130633438613833623230396363643737643938366466316334333163373865303138343634376332613031623239623330343835316638306134373139343836633965616338613137626d736a66364a6c6b78576e433664395374553163366a683854534b67525971383065735a2f79424969722b664a475a2f5a74456762694d314e56483763466f364a5371637a5449586b2b566964497747522b596b3342306a45436d75334243497a6b584f54795a4866464a746a63344b4446316373585a713958305663507a71223b),
('aq698c966k161tc5ev9chkgpia7hmj38', '::1', 1585544260, 0x5f5f63695f6c6173745f726567656e65726174657c693a313538353534343236303b7265646972656374696f6e7c4e3b5f5f4143544956455f53455353494f4e5f444154417c733a3235363a2264323266326463353234643239633531636561393036666261663634663530663833373939353963346336353633373266316532643130633438613833623230396363643737643938366466316334333163373865303138343634376332613031623239623330343835316638306134373139343836633965616338613137626d736a66364a6c6b78576e433664395374553163366a683854534b67525971383065735a2f79424969722b664a475a2f5a74456762694d314e56483763466f364a5371637a5449586b2b566964497747522b596b3342306a45436d75334243497a6b584f54795a4866464a746a63344b4446316373585a713958305663507a71223b),
('7vn8pk21u6pdlv508ctprk2r4ugupang', '::1', 1585544590, 0x5f5f63695f6c6173745f726567656e65726174657c693a313538353534343539303b7265646972656374696f6e7c4e3b5f5f4143544956455f53455353494f4e5f444154417c733a3235363a2264323266326463353234643239633531636561393036666261663634663530663833373939353963346336353633373266316532643130633438613833623230396363643737643938366466316334333163373865303138343634376332613031623239623330343835316638306134373139343836633965616338613137626d736a66364a6c6b78576e433664395374553163366a683854534b67525971383065735a2f79424969722b664a475a2f5a74456762694d314e56483763466f364a5371637a5449586b2b566964497747522b596b3342306a45436d75334243497a6b584f54795a4866464a746a63344b4446316373585a713958305663507a71223b),
('na100d4ct8jj9r3aks5271ol9i9tev72', '::1', 1585545022, 0x5f5f63695f6c6173745f726567656e65726174657c693a313538353534353032323b7265646972656374696f6e7c4e3b5f5f4143544956455f53455353494f4e5f444154417c733a3235363a2264323266326463353234643239633531636561393036666261663634663530663833373939353963346336353633373266316532643130633438613833623230396363643737643938366466316334333163373865303138343634376332613031623239623330343835316638306134373139343836633965616338613137626d736a66364a6c6b78576e433664395374553163366a683854534b67525971383065735a2f79424969722b664a475a2f5a74456762694d314e56483763466f364a5371637a5449586b2b566964497747522b596b3342306a45436d75334243497a6b584f54795a4866464a746a63344b4446316373585a713958305663507a71223b),
('jqsltn04j7ht1p9svab0tn8dujs65n10', '::1', 1585545395, 0x5f5f63695f6c6173745f726567656e65726174657c693a313538353534353339353b7265646972656374696f6e7c4e3b5f5f4143544956455f53455353494f4e5f444154417c733a3235363a2264323266326463353234643239633531636561393036666261663634663530663833373939353963346336353633373266316532643130633438613833623230396363643737643938366466316334333163373865303138343634376332613031623239623330343835316638306134373139343836633965616338613137626d736a66364a6c6b78576e433664395374553163366a683854534b67525971383065735a2f79424969722b664a475a2f5a74456762694d314e56483763466f364a5371637a5449586b2b566964497747522b596b3342306a45436d75334243497a6b584f54795a4866464a746a63344b4446316373585a713958305663507a71223b),
('qd9lttjdcev5hj1k6utbc34d6ur31ba3', '::1', 1585545746, 0x5f5f63695f6c6173745f726567656e65726174657c693a313538353534353734363b7265646972656374696f6e7c4e3b5f5f4143544956455f53455353494f4e5f444154417c733a3235363a2264323266326463353234643239633531636561393036666261663634663530663833373939353963346336353633373266316532643130633438613833623230396363643737643938366466316334333163373865303138343634376332613031623239623330343835316638306134373139343836633965616338613137626d736a66364a6c6b78576e433664395374553163366a683854534b67525971383065735a2f79424969722b664a475a2f5a74456762694d314e56483763466f364a5371637a5449586b2b566964497747522b596b3342306a45436d75334243497a6b584f54795a4866464a746a63344b4446316373585a713958305663507a71223b),
('5480hq4b2hfiguan6eik16f4ht8cf8k2', '::1', 1585546115, 0x5f5f63695f6c6173745f726567656e65726174657c693a313538353534363131353b7265646972656374696f6e7c4e3b5f5f4143544956455f53455353494f4e5f444154417c733a3235363a2264323266326463353234643239633531636561393036666261663634663530663833373939353963346336353633373266316532643130633438613833623230396363643737643938366466316334333163373865303138343634376332613031623239623330343835316638306134373139343836633965616338613137626d736a66364a6c6b78576e433664395374553163366a683854534b67525971383065735a2f79424969722b664a475a2f5a74456762694d314e56483763466f364a5371637a5449586b2b566964497747522b596b3342306a45436d75334243497a6b584f54795a4866464a746a63344b4446316373585a713958305663507a71223b),
('2aku9lqfr8kqgg95uc5vhfogbhdm330p', '::1', 1585546437, 0x5f5f63695f6c6173745f726567656e65726174657c693a313538353534363433373b7265646972656374696f6e7c4e3b5f5f4143544956455f53455353494f4e5f444154417c733a3235363a2264323266326463353234643239633531636561393036666261663634663530663833373939353963346336353633373266316532643130633438613833623230396363643737643938366466316334333163373865303138343634376332613031623239623330343835316638306134373139343836633965616338613137626d736a66364a6c6b78576e433664395374553163366a683854534b67525971383065735a2f79424969722b664a475a2f5a74456762694d314e56483763466f364a5371637a5449586b2b566964497747522b596b3342306a45436d75334243497a6b584f54795a4866464a746a63344b4446316373585a713958305663507a71223b),
('4v1b4b4km4ih74sddgjqhr8rs950setg', '::1', 1585548692, 0x5f5f63695f6c6173745f726567656e65726174657c693a313538353534383639323b7265646972656374696f6e7c4e3b5f5f4143544956455f53455353494f4e5f444154417c733a3235363a2264323266326463353234643239633531636561393036666261663634663530663833373939353963346336353633373266316532643130633438613833623230396363643737643938366466316334333163373865303138343634376332613031623239623330343835316638306134373139343836633965616338613137626d736a66364a6c6b78576e433664395374553163366a683854534b67525971383065735a2f79424969722b664a475a2f5a74456762694d314e56483763466f364a5371637a5449586b2b566964497747522b596b3342306a45436d75334243497a6b584f54795a4866464a746a63344b4446316373585a713958305663507a71223b),
('ej9rikdfnvsnrmvbldsv1vmh5uj1i1ak', '::1', 1585548708, 0x5f5f63695f6c6173745f726567656e65726174657c693a313538353534383730383b7265646972656374696f6e7c4e3b5f5f4143544956455f53455353494f4e5f444154417c733a3235363a22383737333661376231666266313433366363323734326236306539343830306666616166646534653465323631373165393738383632643539306264326334646266626233383965363737373264313132643733663433613838383335646561656663396262333665333833653731653163346266316336343339383838626678622b4d304f53375876784e586f74416e373765714a44315a4c496c366d54794942685133797274426a6776637a36366751626979306667425369524639576b2b46397957554d38594f427244686b66575233517951314131474a675665704b6152596d794e6e462b6d726d457a67764533546d7961657a6a55616c554c7538223b),
('j2emlbjlbp2utvhcasus9b7tronf70d5', '::1', 1585549512, 0x5f5f63695f6c6173745f726567656e65726174657c693a313538353534393531323b7265646972656374696f6e7c4e3b5f5f4143544956455f53455353494f4e5f444154417c733a3235363a2264323266326463353234643239633531636561393036666261663634663530663833373939353963346336353633373266316532643130633438613833623230396363643737643938366466316334333163373865303138343634376332613031623239623330343835316638306134373139343836633965616338613137626d736a66364a6c6b78576e433664395374553163366a683854534b67525971383065735a2f79424969722b664a475a2f5a74456762694d314e56483763466f364a5371637a5449586b2b566964497747522b596b3342306a45436d75334243497a6b584f54795a4866464a746a63344b4446316373585a713958305663507a71223b),
('8kmanc0uhl9htt5ucdk27dprlffug592', '::1', 1585549016, 0x5f5f63695f6c6173745f726567656e65726174657c693a313538353534393031363b7265646972656374696f6e7c4e3b5f5f4143544956455f53455353494f4e5f444154417c733a3235363a22383737333661376231666266313433366363323734326236306539343830306666616166646534653465323631373165393738383632643539306264326334646266626233383965363737373264313132643733663433613838383335646561656663396262333665333833653731653163346266316336343339383838626678622b4d304f53375876784e586f74416e373765714a44315a4c496c366d54794942685133797274426a6776637a36366751626979306667425369524639576b2b46397957554d38594f427244686b66575233517951314131474a675665704b6152596d794e6e462b6d726d457a67764533546d7961657a6a55616c554c7538223b),
('391qppd03725v7rovmat1o1ki6jqoijb', '::1', 1585549346, 0x5f5f63695f6c6173745f726567656e65726174657c693a313538353534393334363b7265646972656374696f6e7c4e3b5f5f4143544956455f53455353494f4e5f444154417c733a3235363a22383737333661376231666266313433366363323734326236306539343830306666616166646534653465323631373165393738383632643539306264326334646266626233383965363737373264313132643733663433613838383335646561656663396262333665333833653731653163346266316336343339383838626678622b4d304f53375876784e586f74416e373765714a44315a4c496c366d54794942685133797274426a6776637a36366751626979306667425369524639576b2b46397957554d38594f427244686b66575233517951314131474a675665704b6152596d794e6e462b6d726d457a67764533546d7961657a6a55616c554c7538223b),
('f53ijua2d7914db9nnrkjhrf108ub0bc', '::1', 1585551082, 0x5f5f63695f6c6173745f726567656e65726174657c693a313538353535313038323b7265646972656374696f6e7c733a38303a226148523063446f764c327876593246736147397a6443397a59586c3163693970626d526c65433577614841765933567a644739745a584976636d5632615756336379396b5a57786c644755764d513d3d223b5f5f4143544956455f53455353494f4e5f444154417c733a3235363a22383737333661376231666266313433366363323734326236306539343830306666616166646534653465323631373165393738383632643539306264326334646266626233383965363737373264313132643733663433613838383335646561656663396262333665333833653731653163346266316336343339383838626678622b4d304f53375876784e586f74416e373765714a44315a4c496c366d54794942685133797274426a6776637a36366751626979306667425369524639576b2b46397957554d38594f427244686b66575233517951314131474a675665704b6152596d794e6e462b6d726d457a67764533546d7961657a6a55616c554c7538223b),
('gv98qa6gs1s3rmoqnkssdnm3tubdck5k', '::1', 1585549843, 0x5f5f63695f6c6173745f726567656e65726174657c693a313538353534393834333b7265646972656374696f6e7c4e3b5f5f4143544956455f53455353494f4e5f444154417c733a3235363a2264323266326463353234643239633531636561393036666261663634663530663833373939353963346336353633373266316532643130633438613833623230396363643737643938366466316334333163373865303138343634376332613031623239623330343835316638306134373139343836633965616338613137626d736a66364a6c6b78576e433664395374553163366a683854534b67525971383065735a2f79424969722b664a475a2f5a74456762694d314e56483763466f364a5371637a5449586b2b566964497747522b596b3342306a45436d75334243497a6b584f54795a4866464a746a63344b4446316373585a713958305663507a71223b),
('hj7qrjt5vbg184i21g4iqet3fo13cgn2', '::1', 1585550976, 0x5f5f63695f6c6173745f726567656e65726174657c693a313538353535303937363b7265646972656374696f6e7c4e3b5f5f4143544956455f53455353494f4e5f444154417c733a3235363a2264323266326463353234643239633531636561393036666261663634663530663833373939353963346336353633373266316532643130633438613833623230396363643737643938366466316334333163373865303138343634376332613031623239623330343835316638306134373139343836633965616338613137626d736a66364a6c6b78576e433664395374553163366a683854534b67525971383065735a2f79424969722b664a475a2f5a74456762694d314e56483763466f364a5371637a5449586b2b566964497747522b596b3342306a45436d75334243497a6b584f54795a4866464a746a63344b4446316373585a713958305663507a71223b636172745f636f6e74656e74737c613a353a7b733a31303a22636172745f746f74616c223b643a37383030303b733a31313a22746f74616c5f6974656d73223b643a333b733a33323a226433643934343638303261343432353937353564333865366431363365383230223b613a363a7b733a323a226964223b733a323a223130223b733a333a22717479223b643a313b733a353a227072696365223b643a31323030303b733a343a226e616d65223b733a31323a22426177616e67204d65726168223b733a353a22726f776964223b733a33323a226433643934343638303261343432353937353564333865366431363365383230223b733a383a22737562746f74616c223b643a31323030303b7d733a33323a223435633438636365326532643766626465613161666335316337633661643236223b613a363a7b733a323a226964223b733a313a2239223b733a333a22717479223b643a313b733a353a227072696365223b643a33353030303b733a343a226e616d65223b733a343a224170656c223b733a353a22726f776964223b733a33323a223435633438636365326532643766626465613161666335316337633661643236223b733a383a22737562746f74616c223b643a33353030303b7d733a33323a226338316537323864396434633266363336663036376638396363313438363263223b613a363a7b733a323a226964223b733a313a2232223b733a333a22717479223b643a313b733a353a227072696365223b643a33313030303b733a343a226e616d65223b733a373a2242726f6b6f6c69223b733a353a22726f776964223b733a33323a226338316537323864396434633266363336663036376638396363313438363263223b733a383a22737562746f74616c223b643a33313030303b7d7d),
('6hkc1nfc4ut3ujj90q7nsm34u8m2dv21', '::1', 1585551459, 0x5f5f63695f6c6173745f726567656e65726174657c693a313538353535313435393b7265646972656374696f6e7c4e3b5f5f4143544956455f53455353494f4e5f444154417c733a3235363a2264323266326463353234643239633531636561393036666261663634663530663833373939353963346336353633373266316532643130633438613833623230396363643737643938366466316334333163373865303138343634376332613031623239623330343835316638306134373139343836633965616338613137626d736a66364a6c6b78576e433664395374553163366a683854534b67525971383065735a2f79424969722b664a475a2f5a74456762694d314e56483763466f364a5371637a5449586b2b566964497747522b596b3342306a45436d75334243497a6b584f54795a4866464a746a63344b4446316373585a713958305663507a71223b),
('hepi67v7laugjg3i7tee1utp4kdc3qkg', '::1', 1585551088, 0x5f5f63695f6c6173745f726567656e65726174657c693a313538353535313038323b7265646972656374696f6e7c733a38303a226148523063446f764c327876593246736147397a6443397a59586c3163693970626d526c65433577614841765933567a644739745a584976636d5632615756336379396b5a57786c644755764d513d3d223b5f5f4143544956455f53455353494f4e5f444154417c733a3235363a22383737333661376231666266313433366363323734326236306539343830306666616166646534653465323631373165393738383632643539306264326334646266626233383965363737373264313132643733663433613838383335646561656663396262333665333833653731653163346266316336343339383838626678622b4d304f53375876784e586f74416e373765714a44315a4c496c366d54794942685133797274426a6776637a36366751626979306667425369524639576b2b46397957554d38594f427244686b66575233517951314131474a675665704b6152596d794e6e462b6d726d457a67764533546d7961657a6a55616c554c7538223b7061796d656e745f666c6173687c733a33323a2250656d6261796172616e20626572686173696c2064696b6f6e6669726d617369223b5f5f63695f766172737c613a313a7b733a31333a227061796d656e745f666c617368223b733a333a226f6c64223b7d),
('ja2kc725ddq426avdb4ta40c5sahi6fa', '::1', 1585551791, 0x5f5f63695f6c6173745f726567656e65726174657c693a313538353535313739313b7265646972656374696f6e7c4e3b5f5f4143544956455f53455353494f4e5f444154417c733a3235363a2264323266326463353234643239633531636561393036666261663634663530663833373939353963346336353633373266316532643130633438613833623230396363643737643938366466316334333163373865303138343634376332613031623239623330343835316638306134373139343836633965616338613137626d736a66364a6c6b78576e433664395374553163366a683854534b67525971383065735a2f79424969722b664a475a2f5a74456762694d314e56483763466f364a5371637a5449586b2b566964497747522b596b3342306a45436d75334243497a6b584f54795a4866464a746a63344b4446316373585a713958305663507a71223b),
('uramqdkdo638afjp8mvge4lpnvb0kein', '::1', 1585552134, 0x5f5f63695f6c6173745f726567656e65726174657c693a313538353535323133343b7265646972656374696f6e7c4e3b5f5f4143544956455f53455353494f4e5f444154417c733a3235363a2264323266326463353234643239633531636561393036666261663634663530663833373939353963346336353633373266316532643130633438613833623230396363643737643938366466316334333163373865303138343634376332613031623239623330343835316638306134373139343836633965616338613137626d736a66364a6c6b78576e433664395374553163366a683854534b67525971383065735a2f79424969722b664a475a2f5a74456762694d314e56483763466f364a5371637a5449586b2b566964497747522b596b3342306a45436d75334243497a6b584f54795a4866464a746a63344b4446316373585a713958305663507a71223b70726f66696c657c733a32373a2250726f66696c20626572686173696c206469706572626172756921223b5f5f63695f766172737c613a313a7b733a373a2270726f66696c65223b733a333a226f6c64223b7d),
('opjeqs51t1vr18ih1miq20m26eu5d215', '::1', 1585552436, 0x5f5f63695f6c6173745f726567656e65726174657c693a313538353535323433363b7265646972656374696f6e7c4e3b5f5f4143544956455f53455353494f4e5f444154417c733a3235363a2264323266326463353234643239633531636561393036666261663634663530663833373939353963346336353633373266316532643130633438613833623230396363643737643938366466316334333163373865303138343634376332613031623239623330343835316638306134373139343836633965616338613137626d736a66364a6c6b78576e433664395374553163366a683854534b67525971383065735a2f79424969722b664a475a2f5a74456762694d314e56483763466f364a5371637a5449586b2b566964497747522b596b3342306a45436d75334243497a6b584f54795a4866464a746a63344b4446316373585a713958305663507a71223b),
('fh0t37obqijd6cjb31t9ubmm5ps9os09', '::1', 1585552467, 0x5f5f63695f6c6173745f726567656e65726174657c693a313538353535323433363b7265646972656374696f6e7c4e3b5f5f4143544956455f53455353494f4e5f444154417c733a3235363a2264323266326463353234643239633531636561393036666261663634663530663833373939353963346336353633373266316532643130633438613833623230396363643737643938366466316334333163373865303138343634376332613031623239623330343835316638306134373139343836633965616338613137626d736a66364a6c6b78576e433664395374553163366a683854534b67525971383065735a2f79424969722b664a475a2f5a74456762694d314e56483763466f364a5371637a5449586b2b566964497747522b596b3342306a45436d75334243497a6b584f54795a4866464a746a63344b4446316373585a713958305663507a71223b6f726465725f666c6173687c733a32363a224f7264657220626572686173696c20646974616d6261686b616e223b5f5f63695f766172737c613a313a7b733a31313a226f726465725f666c617368223b733a333a226f6c64223b7d);

-- --------------------------------------------------------

--
-- Struktur dari tabel `contacts`
--

CREATE TABLE `contacts` (
  `id` int(10) NOT NULL,
  `parent_id` int(10) DEFAULT NULL,
  `name` varchar(32) NOT NULL,
  `subject` varchar(128) DEFAULT NULL,
  `email` varchar(64) NOT NULL,
  `message` mediumtext NOT NULL,
  `contact_date` datetime DEFAULT NULL,
  `status` tinyint(1) DEFAULT 1,
  `reply_at` datetime DEFAULT NULL
) ENGINE=InnoDB DEFAULT CHARSET=utf8mb4;

--
-- Dumping data untuk tabel `contacts`
--

INSERT INTO `contacts` (`id`, `parent_id`, `name`, `subject`, `email`, `message`, `contact_date`, `status`, `reply_at`) VALUES
(1, NULL, 'Agung Tri Saputra', 'Pengiriman kok lama?', 'martinms.za@gmail.com', 'pengiriman pesanan saya kok lama ya', '2020-03-29 07:40:13', 2, NULL);

-- --------------------------------------------------------

--
-- Struktur dari tabel `coupons`
--

CREATE TABLE `coupons` (
  `id` bigint(20) NOT NULL,
  `name` varchar(255) NOT NULL,
  `code` varchar(32) NOT NULL,
  `credit` decimal(8,2) NOT NULL,
  `start_date` date NOT NULL,
  `expired_date` date NOT NULL,
  `is_active` tinyint(4) DEFAULT 1
) ENGINE=InnoDB DEFAULT CHARSET=utf8mb4;

--
-- Dumping data untuk tabel `coupons`
--

INSERT INTO `coupons` (`id`, `name`, `code`, `credit`, `start_date`, `expired_date`, `is_active`) VALUES
(1, '#DiRumahAja', 'DIRUMAHAJA19', '5000.00', '2020-03-27', '2020-04-03', 1),
(2, 'Buah Merah Meriah', 'BUAHMERAH', '5000.00', '2020-03-27', '2020-03-30', 0);

-- --------------------------------------------------------

--
-- Struktur dari tabel `customers`
--

CREATE TABLE `customers` (
  `id` bigint(20) NOT NULL,
  `user_id` bigint(20) UNSIGNED DEFAULT NULL,
  `name` varchar(255) NOT NULL,
  `phone_number` varchar(32) DEFAULT NULL,
  `address` varchar(255) NOT NULL,
  `profile_picture` varchar(255) DEFAULT NULL
) ENGINE=InnoDB DEFAULT CHARSET=utf8mb4;

--
-- Dumping data untuk tabel `customers`
--

INSERT INTO `customers` (`id`, `user_id`, `name`, `phone_number`, `address`, `profile_picture`) VALUES
(6, 7, 'Agung Tri Saputra', '081328907767', 'Kost Indah Jaya Belakang No. 19, Jl. Medan Baru VI, Kandang Limun, Bengkulu', 'agung.png');

-- --------------------------------------------------------

--
-- Struktur dari tabel `orders`
--

CREATE TABLE `orders` (
  `id` bigint(20) NOT NULL,
  `user_id` bigint(20) UNSIGNED DEFAULT NULL,
  `coupon_id` bigint(20) DEFAULT NULL,
  `order_number` varchar(16) NOT NULL,
  `order_status` enum('1','2','3','4','5') DEFAULT '1',
  `order_date` datetime NOT NULL,
  `total_price` decimal(8,2) DEFAULT NULL,
  `total_items` int(10) DEFAULT NULL,
  `payment_method` int(11) DEFAULT 1,
  `delivery_data` text DEFAULT NULL,
  `delivered_date` datetime DEFAULT NULL,
  `finish_date` datetime DEFAULT NULL
) ENGINE=InnoDB DEFAULT CHARSET=utf8mb4;

--
-- Dumping data untuk tabel `orders`
--

INSERT INTO `orders` (`id`, `user_id`, `coupon_id`, `order_number`, `order_status`, `order_date`, `total_price`, `total_items`, `payment_method`, `delivery_data`, `delivered_date`, `finish_date`) VALUES
(5, 7, NULL, 'TJL2932027019', '2', '2020-03-29 08:14:50', '271000.00', 2, 1, '{\"customer\":{\"name\":\"Agung Tri Saputra\",\"phone_number\":\"081328907767\",\"address\":\"Kost Indah Jaya Belakang No. 19, Jl. Medan Baru VI, Kandang Limun, Bengkulu\"},\"note\":\"\"}', NULL, NULL),
(6, 7, NULL, 'JQZ2932017914', '1', '2020-03-29 08:15:13', '350000.00', 1, 2, '{\"customer\":{\"name\":\"Agung Tri Saputra\",\"phone_number\":\"081328907767\",\"address\":\"Kost Indah Jaya Belakang No. 19, Jl. Medan Baru VI, Kandang Limun, Bengkulu\"},\"note\":\"\"}', NULL, NULL),
(7, 7, NULL, 'TIB3032037078', '2', '2020-03-30 08:49:42', '78000.00', 3, 1, '{\"customer\":{\"name\":\"Agung Tri Saputra\",\"phone_number\":\"081328907767\",\"address\":\"Kost Indah Jaya Belakang No. 19, Jl. Medan Baru VI, Kandang Limun, Bengkulu\"},\"note\":\"\"}', NULL, NULL),
(8, 7, NULL, 'GPS3032027749', '1', '2020-03-30 09:14:27', '360000.00', 2, 1, '{\"customer\":{\"name\":\"Agung Tri Saputra\",\"phone_number\":\"081328907767\",\"address\":\"Kost Indah Jaya Belakang No. 19, Jl. Medan Baru VI, Kandang Limun, Bengkulu\"},\"note\":\"\"}', NULL, NULL);

-- --------------------------------------------------------

--
-- Struktur dari tabel `order_item`
--

CREATE TABLE `order_item` (
  `id` bigint(20) NOT NULL,
  `order_id` bigint(20) DEFAULT NULL,
  `product_id` bigint(20) DEFAULT NULL,
  `order_qty` int(10) NOT NULL,
  `order_price` decimal(8,2) DEFAULT NULL
) ENGINE=InnoDB DEFAULT CHARSET=utf8mb4;

--
-- Dumping data untuk tabel `order_item`
--

INSERT INTO `order_item` (`id`, `order_id`, `product_id`, `order_qty`, `order_price`) VALUES
(3, 4, 2, 1, '31000.00'),
(4, 4, 8, 13, '20000.00'),
(5, 5, 2, 1, '31000.00'),
(6, 5, 13, 12, '20000.00'),
(7, 6, 9, 10, '35000.00'),
(8, 7, 10, 1, '12000.00'),
(9, 7, 9, 1, '35000.00'),
(10, 7, 2, 1, '31000.00'),
(11, 8, 9, 1, '35000.00'),
(12, 8, 1, 5, '65000.00');

-- --------------------------------------------------------

--
-- Struktur dari tabel `payments`
--

CREATE TABLE `payments` (
  `id` bigint(20) NOT NULL,
  `order_id` bigint(20) DEFAULT NULL,
  `payment_price` decimal(8,2) DEFAULT NULL,
  `payment_date` datetime NOT NULL,
  `picture_name` varchar(255) DEFAULT NULL,
  `payment_status` enum('1','2','3') DEFAULT '1',
  `confirmed_date` datetime DEFAULT NULL,
  `payment_data` text DEFAULT NULL
) ENGINE=InnoDB DEFAULT CHARSET=utf8mb4;

--
-- Dumping data untuk tabel `payments`
--

INSERT INTO `payments` (`id`, `order_id`, `payment_price`, `payment_date`, `picture_name`, `payment_status`, `confirmed_date`, `payment_data`) VALUES
(4, 5, '271000.00', '2020-03-29 08:20:39', 'category-1.jpg', '1', NULL, '{\"transfer_to\":\"bri\",\"source\":{\"bank\":\"Bank BRI\",\"name\":\"Agung Tri Saputra\",\"number\":\"12-345-678-9\"}}'),
(5, 7, '78000.00', '2020-03-30 08:51:08', 'html5.jpg', '2', NULL, '{\"transfer_to\":\"btn\",\"source\":{\"bank\":\"BANK BCA\",\"name\":\"MMS\",\"number\":\"123-456\"}}');

-- --------------------------------------------------------

--
-- Struktur dari tabel `products`
--

CREATE TABLE `products` (
  `id` bigint(20) NOT NULL,
  `category_id` int(10) DEFAULT NULL,
  `sku` varchar(32) DEFAULT NULL,
  `name` varchar(255) NOT NULL,
  `description` varchar(255) DEFAULT NULL,
  `picture_name` varchar(255) DEFAULT NULL,
  `price` decimal(8,2) NOT NULL,
  `current_discount` decimal(8,2) DEFAULT 0.00,
  `stock` int(10) NOT NULL,
  `product_unit` varchar(32) DEFAULT NULL,
  `is_available` tinyint(1) DEFAULT 1,
  `add_date` datetime DEFAULT NULL
) ENGINE=InnoDB DEFAULT CHARSET=utf8mb4;

--
-- Dumping data untuk tabel `products`
--

INSERT INTO `products` (`id`, `category_id`, `sku`, `name`, `description`, `picture_name`, `price`, `current_discount`, `stock`, `product_unit`, `is_available`, `add_date`) VALUES
(1, 2, 'SB750372', 'Strawberry', NULL, 'category-2.jpg', '70000.00', '5000.00', 50, 'Kg', 1, '2020-03-26 15:02:52'),
(2, 1, 'BS350420', 'Brokoli', NULL, 'product-6.jpg', '33000.00', '2000.00', 10, 'Kg', 1, '2020-03-26 15:03:40'),
(4, 1, 'TS120790', 'Tomat', NULL, 'product-5.jpg', '10000.00', '0.00', 20, 'Kg', 1, '2020-03-26 19:36:30'),
(5, 1, 'WS120811', 'Wortel', NULL, 'product-7.jpg', '12000.00', '0.00', 20, 'Kg', 1, '2020-03-26 19:36:51'),
(8, 1, 'PS220885', 'Paprika', NULL, 'product-12.jpg', '20000.00', '0.00', 20, 'Kg', 1, '2020-03-26 19:38:05'),
(9, 2, 'AB450163', 'Apel', NULL, 'product-10.jpg', '40000.00', '5000.00', 50, 'Kg', 1, '2020-03-26 19:42:43'),
(10, 1, 'BMS120283', 'Bawang Merah', NULL, 'product-9.jpg', '12000.00', '0.00', 20, 'Kg', 1, '2020-03-26 19:44:42'),
(11, 1, 'URS13301', 'Ubi Rambat', NULL, 'product-4.jpg', '15000.00', '0.00', 3, 'Kg', 1, '2020-03-26 19:45:01'),
(12, 1, 'BPS15347', 'Bawang Putih', NULL, 'product-111.jpg', '15000.00', '0.00', 5, 'Kg', 1, '2020-03-26 19:45:47'),
(13, 1, 'KPS223370', 'Kacang Polong', NULL, 'product-3.jpg', '20000.00', '0.00', 23, 'Kg', 1, '2020-03-26 19:46:10'),
(14, 1, 'CMS410424', 'Cabai Merah', NULL, 'product-121.jpg', '40000.00', '7000.00', 10, 'Kg', 1, '2020-03-26 19:47:04');

-- --------------------------------------------------------

--
-- Struktur dari tabel `product_category`
--

CREATE TABLE `product_category` (
  `id` int(10) NOT NULL,
  `name` varchar(255) NOT NULL
) ENGINE=InnoDB DEFAULT CHARSET=utf8mb4;

--
-- Dumping data untuk tabel `product_category`
--

INSERT INTO `product_category` (`id`, `name`) VALUES
(1, 'Sayur'),
(2, 'Buah');

-- --------------------------------------------------------

--
-- Struktur dari tabel `reviews`
--

CREATE TABLE `reviews` (
  `id` bigint(20) NOT NULL,
  `user_id` bigint(20) UNSIGNED DEFAULT NULL,
  `order_id` bigint(20) DEFAULT NULL,
  `title` varchar(255) DEFAULT NULL,
  `review_text` mediumtext NOT NULL,
  `review_date` datetime NOT NULL,
  `status` tinyint(1) NOT NULL DEFAULT 1
) ENGINE=InnoDB DEFAULT CHARSET=utf8mb4;

--
-- Dumping data untuk tabel `reviews`
--

INSERT INTO `reviews` (`id`, `user_id`, `order_id`, `title`, `review_text`, `review_date`, `status`) VALUES
(2, 7, 6, 'Sangat puas', 'Pengiriman cepat dan sayur segar', '2020-03-30 08:31:31', 1),
(3, 7, 5, 'Buah segar', 'Buah segar dan kualitasnya sangat bagus', '2020-03-30 08:33:10', 1);

-- --------------------------------------------------------

--
-- Struktur dari tabel `roles`
--

CREATE TABLE `roles` (
  `id` int(10) NOT NULL,
  `role_name` varchar(255) NOT NULL
) ENGINE=InnoDB DEFAULT CHARSET=utf8mb4;

--
-- Dumping data untuk tabel `roles`
--

INSERT INTO `roles` (`id`, `role_name`) VALUES
(1, 'Admin'),
(2, 'Customer');

-- --------------------------------------------------------

--
-- Struktur dari tabel `settings`
--

CREATE TABLE `settings` (
  `id` int(10) NOT NULL,
  `key` varchar(32) NOT NULL,
  `content` varchar(255) NOT NULL
) ENGINE=InnoDB DEFAULT CHARSET=utf8mb4;

--
-- Dumping data untuk tabel `settings`
--

INSERT INTO `settings` (`id`, `key`, `content`) VALUES
(1, 'current_theme_name', 'vegefoods'),
(2, 'store_name', 'Toko Sayur 22'),
(3, 'store_phone_number', '082281666584'),
(4, 'store_email', 'tokosayur22@gmail.com'),
(5, 'store_tagline', 'Belanja Sayur Segar 24 Jam'),
(6, 'store_logo', 'Logo.png'),
(7, 'max_product_image_size', '20000'),
(8, 'store_description', 'Belanja sayur dan buah dengan murah, mudah dan cepat'),
(9, 'store_address', 'Jl. Medan Baru VI, RT 12 RW 06 Kel. Kandang Limun'),
(10, 'min_shop_to_free_shipping_cost', '20000'),
(11, 'shipping_cost', '3000'),
(12, 'payment_banks', '{\"bri\":{\"bank\":\"BRI\",\"name\":\"Martin Mulyo Syahidin\",\"number\":\"9999-999-99-9\"},\"btn\":{\"bank\":\"BNI\",\"name\":\"Martin Mulyo Syahidin\",\"number\":\"4444-444-44-4\"},\"bni\":{\"bank\":\"BTN\",\"name\":\"Martin Mulyo Syahidin\",\"number\":\"3333-333-333-3\"}} ');

-- --------------------------------------------------------

--
-- Struktur dari tabel `users`
--

CREATE TABLE `users` (
  `id` bigint(20) UNSIGNED NOT NULL,
  `name` varchar(50) COLLATE utf8mb4_unicode_ci DEFAULT NULL,
  `email` varchar(255) COLLATE utf8mb4_unicode_ci NOT NULL,
  `email_verified_at` timestamp NULL DEFAULT NULL,
  `username` varchar(16) COLLATE utf8mb4_unicode_ci NOT NULL,
  `password` varchar(255) COLLATE utf8mb4_unicode_ci NOT NULL,
  `profile_picture` varchar(128) COLLATE utf8mb4_unicode_ci DEFAULT NULL,
  `role_id` int(10) DEFAULT 0,
  `register_date` datetime DEFAULT NULL
) ENGINE=InnoDB DEFAULT CHARSET=utf8mb4 COLLATE=utf8mb4_unicode_ci;

--
-- Dumping data untuk tabel `users`
--

INSERT INTO `users` (`id`, `name`, `email`, `email_verified_at`, `username`, `password`, `profile_picture`, `role_id`, `register_date`) VALUES
(1, 'Mulyo Jr.', 'mulyosyahidin95@gmail.com', NULL, 'mulyojr', '$2y$10$c4YaE5KFID4t4n/f7K63fO4/hywefblr3O6s9GJl8l8Att89Hj3qy', 'agung1.png', 1, NULL),
(7, NULL, 'agungtri@gmail.com', NULL, 'agungtria', '$2y$10$9DywISQJXSaqEuIbCUJauOq1txHJUnqJ7s/y5cBlyPn0EykMSfARS', NULL, 2, '2020-03-29 08:14:30');

--
-- Indexes for dumped tables
--

--
-- Indeks untuk tabel `ci_sessions`
--
ALTER TABLE `ci_sessions`
  ADD KEY `ci_sessions_timestamp` (`timestamp`);

--
-- Indeks untuk tabel `contacts`
--
ALTER TABLE `contacts`
  ADD PRIMARY KEY (`id`),
  ADD KEY `FK_contacts_contacts` (`parent_id`);

--
-- Indeks untuk tabel `coupons`
--
ALTER TABLE `coupons`
  ADD PRIMARY KEY (`id`);

--
-- Indeks untuk tabel `customers`
--
ALTER TABLE `customers`
  ADD PRIMARY KEY (`id`),
  ADD KEY `FK_customers_users` (`user_id`);

--
-- Indeks untuk tabel `orders`
--
ALTER TABLE `orders`
  ADD PRIMARY KEY (`id`),
  ADD KEY `FK_orders_users` (`user_id`),
  ADD KEY `FK_orders_coupons` (`coupon_id`);

--
-- Indeks untuk tabel `order_item`
--
ALTER TABLE `order_item`
  ADD PRIMARY KEY (`id`),
  ADD KEY `order_id` (`order_id`),
  ADD KEY `product_id` (`product_id`);

--
-- Indeks untuk tabel `payments`
--
ALTER TABLE `payments`
  ADD PRIMARY KEY (`id`),
  ADD KEY `order_id` (`order_id`);

--
-- Indeks untuk tabel `products`
--
ALTER TABLE `products`
  ADD PRIMARY KEY (`id`),
  ADD KEY `FK_products_product_category` (`category_id`);

--
-- Indeks untuk tabel `product_category`
--
ALTER TABLE `product_category`
  ADD PRIMARY KEY (`id`);

--
-- Indeks untuk tabel `reviews`
--
ALTER TABLE `reviews`
  ADD PRIMARY KEY (`id`),
  ADD KEY `FK_reviews_users` (`user_id`),
  ADD KEY `FK_reviews_orders` (`order_id`);

--
-- Indeks untuk tabel `roles`
--
ALTER TABLE `roles`
  ADD PRIMARY KEY (`id`);

--
-- Indeks untuk tabel `settings`
--
ALTER TABLE `settings`
  ADD PRIMARY KEY (`id`) USING BTREE;

--
-- Indeks untuk tabel `users`
--
ALTER TABLE `users`
  ADD PRIMARY KEY (`id`) USING BTREE,
  ADD UNIQUE KEY `users_email_unique` (`email`) USING BTREE,
  ADD KEY `role_id` (`role_id`);

--
-- AUTO_INCREMENT untuk tabel yang dibuang
--

--
-- AUTO_INCREMENT untuk tabel `contacts`
--
ALTER TABLE `contacts`
  MODIFY `id` int(10) NOT NULL AUTO_INCREMENT, AUTO_INCREMENT=3;

--
-- AUTO_INCREMENT untuk tabel `coupons`
--
ALTER TABLE `coupons`
  MODIFY `id` bigint(20) NOT NULL AUTO_INCREMENT, AUTO_INCREMENT=4;

--
-- AUTO_INCREMENT untuk tabel `customers`
--
ALTER TABLE `customers`
  MODIFY `id` bigint(20) NOT NULL AUTO_INCREMENT, AUTO_INCREMENT=7;

--
-- AUTO_INCREMENT untuk tabel `orders`
--
ALTER TABLE `orders`
  MODIFY `id` bigint(20) NOT NULL AUTO_INCREMENT, AUTO_INCREMENT=9;

--
-- AUTO_INCREMENT untuk tabel `order_item`
--
ALTER TABLE `order_item`
  MODIFY `id` bigint(20) NOT NULL AUTO_INCREMENT, AUTO_INCREMENT=13;

--
-- AUTO_INCREMENT untuk tabel `payments`
--
ALTER TABLE `payments`
  MODIFY `id` bigint(20) NOT NULL AUTO_INCREMENT, AUTO_INCREMENT=6;

--
-- AUTO_INCREMENT untuk tabel `products`
--
ALTER TABLE `products`
  MODIFY `id` bigint(20) NOT NULL AUTO_INCREMENT, AUTO_INCREMENT=15;

--
-- AUTO_INCREMENT untuk tabel `product_category`
--
ALTER TABLE `product_category`
  MODIFY `id` int(10) NOT NULL AUTO_INCREMENT, AUTO_INCREMENT=9;

--
-- AUTO_INCREMENT untuk tabel `reviews`
--
ALTER TABLE `reviews`
  MODIFY `id` bigint(20) NOT NULL AUTO_INCREMENT, AUTO_INCREMENT=4;

--
-- AUTO_INCREMENT untuk tabel `roles`
--
ALTER TABLE `roles`
  MODIFY `id` int(10) NOT NULL AUTO_INCREMENT, AUTO_INCREMENT=3;

--
-- AUTO_INCREMENT untuk tabel `settings`
--
ALTER TABLE `settings`
  MODIFY `id` int(10) NOT NULL AUTO_INCREMENT, AUTO_INCREMENT=13;

--
-- AUTO_INCREMENT untuk tabel `users`
--
ALTER TABLE `users`
  MODIFY `id` bigint(20) UNSIGNED NOT NULL AUTO_INCREMENT, AUTO_INCREMENT=8;

--
-- Ketidakleluasaan untuk tabel pelimpahan (Dumped Tables)
--

--
-- Ketidakleluasaan untuk tabel `contacts`
--
ALTER TABLE `contacts`
  ADD CONSTRAINT `FK_contacts_contacts` FOREIGN KEY (`parent_id`) REFERENCES `contacts` (`id`) ON DELETE CASCADE ON UPDATE NO ACTION;

--
-- Ketidakleluasaan untuk tabel `customers`
--
ALTER TABLE `customers`
  ADD CONSTRAINT `FK_customers_users` FOREIGN KEY (`user_id`) REFERENCES `users` (`id`) ON DELETE NO ACTION ON UPDATE CASCADE;

--
-- Ketidakleluasaan untuk tabel `orders`
--
ALTER TABLE `orders`
  ADD CONSTRAINT `FK_orders_coupons` FOREIGN KEY (`coupon_id`) REFERENCES `coupons` (`id`) ON DELETE SET NULL ON UPDATE CASCADE,
  ADD CONSTRAINT `FK_orders_users` FOREIGN KEY (`user_id`) REFERENCES `users` (`id`) ON DELETE NO ACTION ON UPDATE CASCADE;

--
-- Ketidakleluasaan untuk tabel `order_item`
--
ALTER TABLE `order_item`
  ADD CONSTRAINT `FK_order_item_orders` FOREIGN KEY (`order_id`) REFERENCES `orders` (`id`) ON DELETE CASCADE ON UPDATE CASCADE,
  ADD CONSTRAINT `FK_order_item_products` FOREIGN KEY (`product_id`) REFERENCES `products` (`id`) ON DELETE NO ACTION ON UPDATE CASCADE;

--
-- Ketidakleluasaan untuk tabel `payments`
--
ALTER TABLE `payments`
  ADD CONSTRAINT `FK_payments_orders` FOREIGN KEY (`order_id`) REFERENCES `orders` (`id`) ON DELETE NO ACTION ON UPDATE NO ACTION;

--
-- Ketidakleluasaan untuk tabel `products`
--
ALTER TABLE `products`
  ADD CONSTRAINT `FK_products_product_category` FOREIGN KEY (`category_id`) REFERENCES `product_category` (`id`) ON DELETE NO ACTION ON UPDATE CASCADE;

--
-- Ketidakleluasaan untuk tabel `reviews`
--
ALTER TABLE `reviews`
  ADD CONSTRAINT `FK_reviews_orders` FOREIGN KEY (`order_id`) REFERENCES `orders` (`id`) ON DELETE CASCADE ON UPDATE CASCADE,
  ADD CONSTRAINT `FK_reviews_users` FOREIGN KEY (`user_id`) REFERENCES `users` (`id`) ON DELETE CASCADE ON UPDATE CASCADE;

--
-- Ketidakleluasaan untuk tabel `users`
--
ALTER TABLE `users`
  ADD CONSTRAINT `FK_users_roles` FOREIGN KEY (`role_id`) REFERENCES `roles` (`id`) ON DELETE NO ACTION ON UPDATE NO ACTION;
COMMIT;

/*!40101 SET CHARACTER_SET_CLIENT=@OLD_CHARACTER_SET_CLIENT */;
/*!40101 SET CHARACTER_SET_RESULTS=@OLD_CHARACTER_SET_RESULTS */;
/*!40101 SET COLLATION_CONNECTION=@OLD_COLLATION_CONNECTION */;
